[
  {
    "model": "admin.logentry",
    "pk": 1,
    "fields": {
      "action_time": "2022-06-19T05:38:16.768Z",
      "user": 1,
      "content_type": 8,
      "object_id": "1",
      "object_repr": "Airpods Wireless Bluetooth Headphones",
      "action_flag": 1,
      "change_message": "[{\"added\": {}}]"
    }
  },
  {
    "model": "admin.logentry",
    "pk": 2,
    "fields": {
      "action_time": "2022-06-19T05:38:35.868Z",
      "user": 1,
      "content_type": 8,
      "object_id": "2",
      "object_repr": "iPhone 11 Pro 256 GB Memory",
      "action_flag": 1,
      "change_message": "[{\"added\": {}}]"
    }
  },
  {
    "model": "admin.logentry",
    "pk": 3,
    "fields": {
      "action_time": "2022-06-19T05:39:13.619Z",
      "user": 1,
      "content_type": 8,
      "object_id": "3",
      "object_repr": "Cannon EOS 80D DSLR Camera",
      "action_flag": 1,
      "change_message": "[{\"added\": {}}]"
    }
  },
  {
    "model": "admin.logentry",
    "pk": 4,
    "fields": {
      "action_time": "2022-06-19T05:39:33.910Z",
      "user": 1,
      "content_type": 8,
      "object_id": "4",
      "object_repr": "Sony Playstation 4 Pro White Version",
      "action_flag": 1,
      "change_message": "[{\"added\": {}}]"
    }
  },
  {
    "model": "admin.logentry",
    "pk": 5,
    "fields": {
      "action_time": "2022-06-19T05:39:55.240Z",
      "user": 1,
      "content_type": 8,
      "object_id": "5",
      "object_repr": "Logitech G-Series Gaming Mouse",
      "action_flag": 1,
      "change_message": "[{\"added\": {}}]"
    }
  },
  {
    "model": "admin.logentry",
    "pk": 6,
    "fields": {
      "action_time": "2022-06-19T05:40:41.172Z",
      "user": 1,
      "content_type": 8,
      "object_id": "6",
      "object_repr": "Amazon Echo Dot 3rd Generation",
      "action_flag": 1,
      "change_message": "[{\"added\": {}}]"
    }
  },
  {
    "model": "admin.logentry",
    "pk": 7,
    "fields": {
      "action_time": "2022-06-19T05:41:40.230Z",
      "user": 1,
      "content_type": 8,
      "object_id": "5",
      "object_repr": "Logitech G-Series Gaming Mouse",
      "action_flag": 2,
      "change_message": "[{\"changed\": {\"fields\": [\"Description\", \"Rating\", \"NumReviews\", \"Price\", \"CountInStock\"]}}]"
    }
  },
  {
    "model": "admin.logentry",
    "pk": 8,
    "fields": {
      "action_time": "2022-06-19T05:42:14.503Z",
      "user": 1,
      "content_type": 8,
      "object_id": "4",
      "object_repr": "Sony Playstation 4 Pro White Version",
      "action_flag": 2,
      "change_message": "[{\"changed\": {\"fields\": [\"Description\", \"Rating\", \"NumReviews\", \"Price\", \"CountInStock\"]}}]"
    }
  },
  {
    "model": "admin.logentry",
    "pk": 9,
    "fields": {
      "action_time": "2022-06-19T05:44:06.753Z",
      "user": 1,
      "content_type": 8,
      "object_id": "2",
      "object_repr": "iPhone 11 Pro 256 GB Memory",
      "action_flag": 2,
      "change_message": "[{\"changed\": {\"fields\": [\"Description\", \"Rating\", \"NumReviews\", \"Price\", \"CountInStock\"]}}]"
    }
  },
  {
    "model": "admin.logentry",
    "pk": 10,
    "fields": {
      "action_time": "2022-06-19T05:44:56.269Z",
      "user": 1,
      "content_type": 8,
      "object_id": "3",
      "object_repr": "Cannon EOS 80D DSLR Camera",
      "action_flag": 2,
      "change_message": "[{\"changed\": {\"fields\": [\"Description\", \"Rating\", \"NumReviews\", \"Price\", \"CountInStock\"]}}]"
    }
  },
  {
    "model": "admin.logentry",
    "pk": 11,
    "fields": {
      "action_time": "2022-06-19T05:45:34.312Z",
      "user": 1,
      "content_type": 8,
      "object_id": "1",
      "object_repr": "Airpods Wireless Bluetooth Headphones",
      "action_flag": 2,
      "change_message": "[{\"changed\": {\"fields\": [\"Description\", \"Rating\", \"NumReviews\", \"Price\", \"CountInStock\"]}}]"
    }
  },
  {
    "model": "admin.logentry",
    "pk": 12,
    "fields": {
      "action_time": "2022-06-19T10:10:52.074Z",
      "user": 1,
      "content_type": 4,
      "object_id": "1",
      "object_repr": "evans",
      "action_flag": 2,
      "change_message": "[{\"changed\": {\"fields\": [\"Email address\"]}}]"
    }
  },
  {
    "model": "admin.logentry",
    "pk": 13,
    "fields": {
      "action_time": "2022-06-19T10:11:08.608Z",
      "user": 1,
      "content_type": 4,
      "object_id": "2",
      "object_repr": "tim",
      "action_flag": 1,
      "change_message": "[{\"added\": {}}]"
    }
  },
  {
    "model": "admin.logentry",
    "pk": 14,
    "fields": {
      "action_time": "2022-06-19T10:11:27.002Z",
      "user": 1,
      "content_type": 4,
      "object_id": "2",
      "object_repr": "tim",
      "action_flag": 2,
      "change_message": "[{\"changed\": {\"fields\": [\"First name\", \"Email address\"]}}]"
    }
  },
  {
    "model": "admin.logentry",
    "pk": 15,
    "fields": {
      "action_time": "2022-06-19T10:11:35.091Z",
      "user": 1,
      "content_type": 4,
      "object_id": "1",
      "object_repr": "evans",
      "action_flag": 2,
      "change_message": "[{\"changed\": {\"fields\": [\"First name\"]}}]"
    }
  },
  {
    "model": "admin.logentry",
    "pk": 16,
    "fields": {
      "action_time": "2022-06-19T12:29:25.892Z",
      "user": 1,
      "content_type": 4,
      "object_id": "1",
      "object_repr": "evans",
      "action_flag": 2,
      "change_message": "[{\"changed\": {\"fields\": [\"First name\"]}}]"
    }
  },
  {
    "model": "admin.logentry",
    "pk": 17,
    "fields": {
      "action_time": "2022-06-19T14:54:59.487Z",
      "user": 1,
      "content_type": 4,
      "object_id": "1",
      "object_repr": "evans",
      "action_flag": 2,
      "change_message": "[{\"changed\": {\"fields\": [\"First name\"]}}]"
    }
  },
  {
    "model": "admin.logentry",
    "pk": 18,
    "fields": {
      "action_time": "2022-06-19T17:27:58.154Z",
      "user": 1,
      "content_type": 4,
      "object_id": "1",
      "object_repr": "evans@email.com",
      "action_flag": 2,
      "change_message": "[]"
    }
  },
  {
    "model": "admin.logentry",
    "pk": 19,
    "fields": {
      "action_time": "2022-06-19T17:28:06.714Z",
      "user": 1,
      "content_type": 4,
      "object_id": "1",
      "object_repr": "evans@email.com",
      "action_flag": 2,
      "change_message": "[{\"changed\": {\"fields\": [\"Username\"]}}]"
    }
  },
  {
    "model": "admin.logentry",
    "pk": 20,
    "fields": {
      "action_time": "2022-06-19T17:28:13.491Z",
      "user": 1,
      "content_type": 4,
      "object_id": "1",
      "object_repr": "evans@email.com",
      "action_flag": 2,
      "change_message": "[{\"changed\": {\"fields\": [\"Username\"]}}]"
    }
  },
  {
    "model": "admin.logentry",
    "pk": 21,
    "fields": {
      "action_time": "2022-06-19T17:28:19.404Z",
      "user": 1,
      "content_type": 4,
      "object_id": "1",
      "object_repr": "evans@email.comft",
      "action_flag": 2,
      "change_message": "[{\"changed\": {\"fields\": [\"Email address\"]}}]"
    }
  },
  {
    "model": "admin.logentry",
    "pk": 22,
    "fields": {
      "action_time": "2022-06-19T17:52:05.351Z",
      "user": 1,
      "content_type": 4,
      "object_id": "1",
      "object_repr": "evans@email.com",
      "action_flag": 2,
      "change_message": "[{\"changed\": {\"fields\": [\"Email address\"]}}]"
    }
  },
  {
    "model": "admin.logentry",
    "pk": 23,
    "fields": {
      "action_time": "2022-07-08T05:20:16.641Z",
      "user": 1,
      "content_type": 4,
      "object_id": "19",
      "object_repr": "djfkdhkjf@emai.coj",
      "action_flag": 3,
      "change_message": ""
    }
  },
  {
    "model": "admin.logentry",
    "pk": 24,
    "fields": {
      "action_time": "2022-07-08T05:20:16.834Z",
      "user": 1,
      "content_type": 4,
      "object_id": "16",
      "object_repr": "jbjbj@e.c",
      "action_flag": 3,
      "change_message": ""
    }
  },
  {
    "model": "admin.logentry",
    "pk": 25,
    "fields": {
      "action_time": "2022-07-08T05:20:16.903Z",
      "user": 1,
      "content_type": 4,
      "object_id": "13",
      "object_repr": "jema@email.com",
      "action_flag": 3,
      "change_message": ""
    }
  },
  {
    "model": "admin.logentry",
    "pk": 26,
    "fields": {
      "action_time": "2022-07-08T05:20:16.972Z",
      "user": 1,
      "content_type": 4,
      "object_id": "7",
      "object_repr": "kevo@email.com",
      "action_flag": 3,
      "change_message": ""
    }
  },
  {
    "model": "admin.logentry",
    "pk": 27,
    "fields": {
      "action_time": "2022-07-08T05:20:17.041Z",
      "user": 1,
      "content_type": 4,
      "object_id": "12",
      "object_repr": "khkh@email.com",
      "action_flag": 3,
      "change_message": ""
    }
  },
  {
    "model": "admin.logentry",
    "pk": 28,
    "fields": {
      "action_time": "2022-07-08T05:20:17.110Z",
      "user": 1,
      "content_type": 4,
      "object_id": "10",
      "object_repr": "kim@email.com",
      "action_flag": 3,
      "change_message": ""
    }
  },
  {
    "model": "admin.logentry",
    "pk": 29,
    "fields": {
      "action_time": "2022-07-08T05:20:17.179Z",
      "user": 1,
      "content_type": 4,
      "object_id": "14",
      "object_repr": "kinothia@email.com",
      "action_flag": 3,
      "change_message": ""
    }
  },
  {
    "model": "admin.logentry",
    "pk": 30,
    "fields": {
      "action_time": "2022-07-08T05:20:17.569Z",
      "user": 1,
      "content_type": 4,
      "object_id": "15",
      "object_repr": "kjdhfkd@email.com",
      "action_flag": 3,
      "change_message": ""
    }
  },
  {
    "model": "admin.logentry",
    "pk": 31,
    "fields": {
      "action_time": "2022-07-08T05:20:18.302Z",
      "user": 1,
      "content_type": 4,
      "object_id": "17",
      "object_repr": "kkjh@e.ihi",
      "action_flag": 3,
      "change_message": ""
    }
  },
  {
    "model": "admin.logentry",
    "pk": 32,
    "fields": {
      "action_time": "2022-07-08T05:20:18.372Z",
      "user": 1,
      "content_type": 4,
      "object_id": "22",
      "object_repr": "ldjf@dl.c",
      "action_flag": 3,
      "change_message": ""
    }
  },
  {
    "model": "admin.logentry",
    "pk": 33,
    "fields": {
      "action_time": "2022-07-08T05:20:18.440Z",
      "user": 1,
      "content_type": 4,
      "object_id": "18",
      "object_repr": "mjgj@rt.ui",
      "action_flag": 3,
      "change_message": ""
    }
  },
  {
    "model": "admin.logentry",
    "pk": 34,
    "fields": {
      "action_time": "2022-07-08T05:20:18.509Z",
      "user": 1,
      "content_type": 4,
      "object_id": "20",
      "object_repr": "mr@email.com",
      "action_flag": 3,
      "change_message": ""
    }
  },
  {
    "model": "admin.logentry",
    "pk": 35,
    "fields": {
      "action_time": "2022-07-08T05:20:18.578Z",
      "user": 1,
      "content_type": 4,
      "object_id": "21",
      "object_repr": "sfjd@email.com",
      "action_flag": 3,
      "change_message": ""
    }
  },
  {
    "model": "admin.logentry",
    "pk": 36,
    "fields": {
      "action_time": "2022-07-08T05:20:18.647Z",
      "user": 1,
      "content_type": 4,
      "object_id": "4",
      "object_repr": "skok@email.com",
      "action_flag": 3,
      "change_message": ""
    }
  },
  {
    "model": "admin.logentry",
    "pk": 37,
    "fields": {
      "action_time": "2022-07-08T05:20:18.716Z",
      "user": 1,
      "content_type": 4,
      "object_id": "6",
      "object_repr": "steve@email.com",
      "action_flag": 3,
      "change_message": ""
    }
  },
  {
    "model": "admin.logentry",
    "pk": 38,
    "fields": {
      "action_time": "2022-07-08T06:36:40.686Z",
      "user": 1,
      "content_type": 4,
      "object_id": "8",
      "object_repr": "dan@email.com",
      "action_flag": 3,
      "change_message": ""
    }
  },
  {
    "model": "admin.logentry",
    "pk": 39,
    "fields": {
      "action_time": "2022-07-08T06:36:41.106Z",
      "user": 1,
      "content_type": 4,
      "object_id": "3",
      "object_repr": "edwin@email.com",
      "action_flag": 3,
      "change_message": ""
    }
  },
  {
    "model": "admin.logentry",
    "pk": 40,
    "fields": {
      "action_time": "2022-07-08T06:36:41.176Z",
      "user": 1,
      "content_type": 4,
      "object_id": "25",
      "object_repr": "idljfldjif@g.com",
      "action_flag": 3,
      "change_message": ""
    }
  },
  {
    "model": "admin.logentry",
    "pk": 41,
    "fields": {
      "action_time": "2022-07-08T06:36:41.245Z",
      "user": 1,
      "content_type": 4,
      "object_id": "24",
      "object_repr": "izoh@email.com",
      "action_flag": 3,
      "change_message": ""
    }
  },
  {
    "model": "admin.logentry",
    "pk": 42,
    "fields": {
      "action_time": "2022-07-08T06:36:41.324Z",
      "user": 1,
      "content_type": 4,
      "object_id": "23",
      "object_repr": "kama@email.com",
      "action_flag": 3,
      "change_message": ""
    }
  },
  {
    "model": "admin.logentry",
    "pk": 43,
    "fields": {
      "action_time": "2022-07-08T06:36:41.394Z",
      "user": 1,
      "content_type": 4,
      "object_id": "5",
      "object_repr": "mendux@email.com",
      "action_flag": 3,
      "change_message": ""
    }
  },
  {
    "model": "admin.logentry",
    "pk": 44,
    "fields": {
      "action_time": "2022-07-08T06:37:22.114Z",
      "user": 1,
      "content_type": 4,
      "object_id": "9",
      "object_repr": "nduti316@gmail.com",
      "action_flag": 3,
      "change_message": ""
    }
  },
  {
    "model": "admin.logentry",
    "pk": 45,
    "fields": {
      "action_time": "2022-07-08T06:38:07.332Z",
      "user": 1,
      "content_type": 4,
      "object_id": "2",
      "object_repr": "tim@email.com",
      "action_flag": 2,
      "change_message": "[]"
    }
  },
  {
    "model": "admin.logentry",
    "pk": 46,
    "fields": {
      "action_time": "2022-07-14T09:14:32.639Z",
      "user": 1,
      "content_type": 7,
      "object_id": "4",
      "object_repr": "2022-07-12 10:59:11.753654+00:00",
      "action_flag": 2,
      "change_message": "[{\"changed\": {\"fields\": [\"IsPaid\", \"PaidAt\"]}}]"
    }
  },
  {
    "model": "admin.logentry",
    "pk": 47,
    "fields": {
      "action_time": "2022-07-14T09:19:00.310Z",
      "user": 1,
      "content_type": 7,
      "object_id": "4",
      "object_repr": "2022-07-12 10:59:11.753654+00:00",
      "action_flag": 2,
      "change_message": "[{\"changed\": {\"fields\": [\"IsDelivered\", \"DeliveredAt\"]}}]"
    }
  },
  {
    "model": "admin.logentry",
    "pk": 48,
    "fields": {
      "action_time": "2022-07-14T09:19:34.901Z",
      "user": 1,
      "content_type": 7,
      "object_id": "4",
      "object_repr": "2022-07-12 10:59:11.753654+00:00",
      "action_flag": 2,
      "change_message": "[{\"changed\": {\"fields\": [\"IsDelivered\", \"DeliveredAt\"]}}]"
    }
  },
  {
    "model": "admin.logentry",
    "pk": 49,
    "fields": {
      "action_time": "2022-07-17T15:28:35.011Z",
      "user": 1,
      "content_type": 8,
      "object_id": "7",
      "object_repr": "erer",
      "action_flag": 1,
      "change_message": "[{\"added\": {}}]"
    }
  },
  {
    "model": "admin.logentry",
    "pk": 50,
    "fields": {
      "action_time": "2022-07-17T15:31:39.151Z",
      "user": 1,
      "content_type": 4,
      "object_id": "30",
      "object_repr": "tada",
      "action_flag": 1,
      "change_message": "[{\"added\": {}}]"
    }
  },
  {
    "model": "admin.logentry",
    "pk": 51,
    "fields": {
      "action_time": "2022-07-17T15:32:02.518Z",
      "user": 1,
      "content_type": 4,
      "object_id": "30",
      "object_repr": "tada@email.com",
      "action_flag": 2,
      "change_message": "[{\"changed\": {\"fields\": [\"First name\", \"Email address\"]}}]"
    }
  },
  {
    "model": "admin.logentry",
    "pk": 52,
    "fields": {
      "action_time": "2022-07-17T15:59:04.910Z",
      "user": 1,
      "content_type": 8,
      "object_id": "8",
      "object_repr": "New Product",
      "action_flag": 1,
      "change_message": "[{\"added\": {}}]"
    }
  },
  {
    "model": "admin.logentry",
    "pk": 53,
    "fields": {
      "action_time": "2022-07-17T16:21:14.797Z",
      "user": 1,
      "content_type": 8,
      "object_id": "9",
      "object_repr": "New Product",
      "action_flag": 1,
      "change_message": "[{\"added\": {}}]"
    }
  },
  {
    "model": "admin.logentry",
    "pk": 54,
    "fields": {
      "action_time": "2022-07-17T16:22:49.405Z",
      "user": 1,
      "content_type": 8,
      "object_id": "10",
      "object_repr": "New Product",
      "action_flag": 1,
      "change_message": "[{\"added\": {}}]"
    }
  },
  {
    "model": "admin.logentry",
    "pk": 55,
    "fields": {
      "action_time": "2022-07-17T16:30:52.049Z",
      "user": 1,
      "content_type": 8,
      "object_id": "11",
      "object_repr": "iPhone 11 Pro 256 GB Memory",
      "action_flag": 1,
      "change_message": "[{\"added\": {}}]"
    }
  },
  {
    "model": "admin.logentry",
    "pk": 56,
    "fields": {
      "action_time": "2022-07-17T16:31:45.833Z",
      "user": 1,
      "content_type": 8,
      "object_id": "12",
      "object_repr": "jgj",
      "action_flag": 1,
      "change_message": "[{\"added\": {}}]"
    }
  },
  {
    "model": "admin.logentry",
    "pk": 57,
    "fields": {
      "action_time": "2022-07-17T16:32:02.980Z",
      "user": 1,
      "content_type": 8,
      "object_id": "13",
      "object_repr": "o9uih",
      "action_flag": 1,
      "change_message": "[{\"added\": {}}]"
    }
  },
  {
    "model": "admin.logentry",
    "pk": 58,
    "fields": {
      "action_time": "2022-07-17T16:48:57.220Z",
      "user": 1,
      "content_type": 8,
      "object_id": "14",
      "object_repr": "first",
      "action_flag": 1,
      "change_message": "[{\"added\": {}}]"
    }
  },
  {
    "model": "admin.logentry",
    "pk": 59,
    "fields": {
      "action_time": "2022-07-17T16:49:14.849Z",
      "user": 1,
      "content_type": 8,
      "object_id": "15",
      "object_repr": "sec",
      "action_flag": 1,
      "change_message": "[{\"added\": {}}]"
    }
  },
  {
    "model": "admin.logentry",
    "pk": 60,
    "fields": {
      "action_time": "2022-07-17T16:51:23.877Z",
      "user": 1,
      "content_type": 8,
      "object_id": "16",
      "object_repr": "thir",
      "action_flag": 1,
      "change_message": "[{\"added\": {}}]"
    }
  },
  {
    "model": "admin.logentry",
    "pk": 61,
    "fields": {
      "action_time": "2022-07-18T08:12:04.144Z",
      "user": 1,
      "content_type": 8,
      "object_id": "17",
      "object_repr": "first",
      "action_flag": 1,
      "change_message": "[{\"added\": {}}]"
    }
  },
  {
    "model": "admin.logentry",
    "pk": 62,
    "fields": {
      "action_time": "2022-07-18T08:12:19.283Z",
      "user": 1,
      "content_type": 8,
      "object_id": "18",
      "object_repr": "sec",
      "action_flag": 1,
      "change_message": "[{\"added\": {}}]"
    }
  },
  {
    "model": "admin.logentry",
    "pk": 63,
    "fields": {
      "action_time": "2022-07-18T08:12:34.925Z",
      "user": 1,
      "content_type": 8,
      "object_id": "19",
      "object_repr": "thir",
      "action_flag": 1,
      "change_message": "[{\"added\": {}}]"
    }
  },
  {
    "model": "admin.logentry",
    "pk": 64,
    "fields": {
      "action_time": "2022-07-18T09:38:18.691Z",
      "user": 1,
      "content_type": 8,
      "object_id": "7",
      "object_repr": "New Product",
      "action_flag": 1,
      "change_message": "[{\"added\": {}}]"
    }
  },
  {
    "model": "admin.logentry",
    "pk": 65,
    "fields": {
      "action_time": "2022-07-20T08:46:11.494Z",
      "user": 1,
      "content_type": 7,
      "object_id": "15",
      "object_repr": "2022-07-16 10:31:57.963017+00:00",
      "action_flag": 3,
      "change_message": ""
    }
  },
  {
    "model": "admin.logentry",
    "pk": 66,
    "fields": {
      "action_time": "2022-07-20T08:46:11.661Z",
      "user": 1,
      "content_type": 7,
      "object_id": "14",
      "object_repr": "2022-07-16 10:28:14.309340+00:00",
      "action_flag": 3,
      "change_message": ""
    }
  },
  {
    "model": "admin.logentry",
    "pk": 67,
    "fields": {
      "action_time": "2022-07-20T08:46:11.730Z",
      "user": 1,
      "content_type": 7,
      "object_id": "13",
      "object_repr": "2022-07-16 10:19:40.021576+00:00",
      "action_flag": 3,
      "change_message": ""
    }
  },
  {
    "model": "admin.logentry",
    "pk": 68,
    "fields": {
      "action_time": "2022-07-20T08:46:11.799Z",
      "user": 1,
      "content_type": 7,
      "object_id": "12",
      "object_repr": "2022-07-16 10:19:37.291184+00:00",
      "action_flag": 3,
      "change_message": ""
    }
  },
  {
    "model": "admin.logentry",
    "pk": 69,
    "fields": {
      "action_time": "2022-07-20T08:46:11.868Z",
      "user": 1,
      "content_type": 7,
      "object_id": "11",
      "object_repr": "2022-07-16 03:19:15.448582+00:00",
      "action_flag": 3,
      "change_message": ""
    }
  },
  {
    "model": "admin.logentry",
    "pk": 70,
    "fields": {
      "action_time": "2022-07-20T08:46:11.937Z",
      "user": 1,
      "content_type": 7,
      "object_id": "10",
      "object_repr": "2022-07-16 03:19:13.484695+00:00",
      "action_flag": 3,
      "change_message": ""
    }
  },
  {
    "model": "admin.logentry",
    "pk": 71,
    "fields": {
      "action_time": "2022-07-20T08:46:12.006Z",
      "user": 1,
      "content_type": 7,
      "object_id": "9",
      "object_repr": "2022-07-16 03:11:22.146958+00:00",
      "action_flag": 3,
      "change_message": ""
    }
  },
  {
    "model": "admin.logentry",
    "pk": 72,
    "fields": {
      "action_time": "2022-07-20T08:46:32.927Z",
      "user": 1,
      "content_type": 7,
      "object_id": "8",
      "object_repr": "2022-07-16 03:10:15.752615+00:00",
      "action_flag": 3,
      "change_message": ""
    }
  },
  {
    "model": "admin.logentry",
    "pk": 73,
    "fields": {
      "action_time": "2022-07-20T10:11:31.705Z",
      "user": 1,
      "content_type": 7,
      "object_id": "22",
      "object_repr": "2022-07-20 10:07:42.223232+00:00",
      "action_flag": 3,
      "change_message": ""
    }
  },
  {
    "model": "admin.logentry",
    "pk": 74,
    "fields": {
      "action_time": "2022-07-20T10:11:31.823Z",
      "user": 1,
      "content_type": 7,
      "object_id": "21",
      "object_repr": "2022-07-20 10:05:46.920905+00:00",
      "action_flag": 3,
      "change_message": ""
    }
  },
  {
    "model": "admin.logentry",
    "pk": 75,
    "fields": {
      "action_time": "2022-07-20T10:11:31.892Z",
      "user": 1,
      "content_type": 7,
      "object_id": "20",
      "object_repr": "2022-07-20 09:59:20.824644+00:00",
      "action_flag": 3,
      "change_message": ""
    }
  },
  {
    "model": "admin.logentry",
    "pk": 76,
    "fields": {
      "action_time": "2022-07-20T10:11:31.961Z",
      "user": 1,
      "content_type": 7,
      "object_id": "19",
      "object_repr": "2022-07-20 09:58:55.535178+00:00",
      "action_flag": 3,
      "change_message": ""
    }
  },
  {
    "model": "admin.logentry",
    "pk": 77,
    "fields": {
      "action_time": "2022-07-20T10:11:32.031Z",
      "user": 1,
      "content_type": 7,
      "object_id": "18",
      "object_repr": "2022-07-20 09:54:37.473846+00:00",
      "action_flag": 3,
      "change_message": ""
    }
  },
  {
    "model": "admin.logentry",
    "pk": 78,
    "fields": {
      "action_time": "2022-07-20T10:11:32.099Z",
      "user": 1,
      "content_type": 7,
      "object_id": "17",
      "object_repr": "2022-07-20 09:49:30.580181+00:00",
      "action_flag": 3,
      "change_message": ""
    }
  },
  {
    "model": "admin.logentry",
    "pk": 79,
    "fields": {
      "action_time": "2022-07-20T10:11:32.169Z",
      "user": 1,
      "content_type": 7,
      "object_id": "16",
      "object_repr": "2022-07-17 16:53:05.507759+00:00",
      "action_flag": 3,
      "change_message": ""
    }
  },
  {
    "model": "admin.logentry",
    "pk": 80,
    "fields": {
      "action_time": "2022-07-20T10:11:32.238Z",
      "user": 1,
      "content_type": 7,
      "object_id": "7",
      "object_repr": "2022-07-14 12:41:22.950069+00:00",
      "action_flag": 3,
      "change_message": ""
    }
  },
  {
    "model": "admin.logentry",
    "pk": 81,
    "fields": {
      "action_time": "2022-07-20T14:59:07.770Z",
      "user": 1,
      "content_type": 8,
      "object_id": "1",
      "object_repr": "Airpods Wireless Bluetooth Headphones",
      "action_flag": 2,
      "change_message": "[{\"changed\": {\"fields\": [\"Rating\", \"NumReviews\"]}}]"
    }
  },
  {
    "model": "auth.permission",
    "pk": 1,
    "fields": {
      "name": "Can add log entry",
      "content_type": 1,
      "codename": "add_logentry"
    }
  },
  {
    "model": "auth.permission",
    "pk": 2,
    "fields": {
      "name": "Can change log entry",
      "content_type": 1,
      "codename": "change_logentry"
    }
  },
  {
    "model": "auth.permission",
    "pk": 3,
    "fields": {
      "name": "Can delete log entry",
      "content_type": 1,
      "codename": "delete_logentry"
    }
  },
  {
    "model": "auth.permission",
    "pk": 4,
    "fields": {
      "name": "Can view log entry",
      "content_type": 1,
      "codename": "view_logentry"
    }
  },
  {
    "model": "auth.permission",
    "pk": 5,
    "fields": {
      "name": "Can add permission",
      "content_type": 2,
      "codename": "add_permission"
    }
  },
  {
    "model": "auth.permission",
    "pk": 6,
    "fields": {
      "name": "Can change permission",
      "content_type": 2,
      "codename": "change_permission"
    }
  },
  {
    "model": "auth.permission",
    "pk": 7,
    "fields": {
      "name": "Can delete permission",
      "content_type": 2,
      "codename": "delete_permission"
    }
  },
  {
    "model": "auth.permission",
    "pk": 8,
    "fields": {
      "name": "Can view permission",
      "content_type": 2,
      "codename": "view_permission"
    }
  },
  {
    "model": "auth.permission",
    "pk": 9,
    "fields": {
      "name": "Can add group",
      "content_type": 3,
      "codename": "add_group"
    }
  },
  {
    "model": "auth.permission",
    "pk": 10,
    "fields": {
      "name": "Can change group",
      "content_type": 3,
      "codename": "change_group"
    }
  },
  {
    "model": "auth.permission",
    "pk": 11,
    "fields": {
      "name": "Can delete group",
      "content_type": 3,
      "codename": "delete_group"
    }
  },
  {
    "model": "auth.permission",
    "pk": 12,
    "fields": {
      "name": "Can view group",
      "content_type": 3,
      "codename": "view_group"
    }
  },
  {
    "model": "auth.permission",
    "pk": 13,
    "fields": {
      "name": "Can add user",
      "content_type": 4,
      "codename": "add_user"
    }
  },
  {
    "model": "auth.permission",
    "pk": 14,
    "fields": {
      "name": "Can change user",
      "content_type": 4,
      "codename": "change_user"
    }
  },
  {
    "model": "auth.permission",
    "pk": 15,
    "fields": {
      "name": "Can delete user",
      "content_type": 4,
      "codename": "delete_user"
    }
  },
  {
    "model": "auth.permission",
    "pk": 16,
    "fields": {
      "name": "Can view user",
      "content_type": 4,
      "codename": "view_user"
    }
  },
  {
    "model": "auth.permission",
    "pk": 17,
    "fields": {
      "name": "Can add content type",
      "content_type": 5,
      "codename": "add_contenttype"
    }
  },
  {
    "model": "auth.permission",
    "pk": 18,
    "fields": {
      "name": "Can change content type",
      "content_type": 5,
      "codename": "change_contenttype"
    }
  },
  {
    "model": "auth.permission",
    "pk": 19,
    "fields": {
      "name": "Can delete content type",
      "content_type": 5,
      "codename": "delete_contenttype"
    }
  },
  {
    "model": "auth.permission",
    "pk": 20,
    "fields": {
      "name": "Can view content type",
      "content_type": 5,
      "codename": "view_contenttype"
    }
  },
  {
    "model": "auth.permission",
    "pk": 21,
    "fields": {
      "name": "Can add session",
      "content_type": 6,
      "codename": "add_session"
    }
  },
  {
    "model": "auth.permission",
    "pk": 22,
    "fields": {
      "name": "Can change session",
      "content_type": 6,
      "codename": "change_session"
    }
  },
  {
    "model": "auth.permission",
    "pk": 23,
    "fields": {
      "name": "Can delete session",
      "content_type": 6,
      "codename": "delete_session"
    }
  },
  {
    "model": "auth.permission",
    "pk": 24,
    "fields": {
      "name": "Can view session",
      "content_type": 6,
      "codename": "view_session"
    }
  },
  {
    "model": "auth.permission",
    "pk": 25,
    "fields": {
      "name": "Can add order",
      "content_type": 7,
      "codename": "add_order"
    }
  },
  {
    "model": "auth.permission",
    "pk": 26,
    "fields": {
      "name": "Can change order",
      "content_type": 7,
      "codename": "change_order"
    }
  },
  {
    "model": "auth.permission",
    "pk": 27,
    "fields": {
      "name": "Can delete order",
      "content_type": 7,
      "codename": "delete_order"
    }
  },
  {
    "model": "auth.permission",
    "pk": 28,
    "fields": {
      "name": "Can view order",
      "content_type": 7,
      "codename": "view_order"
    }
  },
  {
    "model": "auth.permission",
    "pk": 29,
    "fields": {
      "name": "Can add product",
      "content_type": 8,
      "codename": "add_product"
    }
  },
  {
    "model": "auth.permission",
    "pk": 30,
    "fields": {
      "name": "Can change product",
      "content_type": 8,
      "codename": "change_product"
    }
  },
  {
    "model": "auth.permission",
    "pk": 31,
    "fields": {
      "name": "Can delete product",
      "content_type": 8,
      "codename": "delete_product"
    }
  },
  {
    "model": "auth.permission",
    "pk": 32,
    "fields": {
      "name": "Can view product",
      "content_type": 8,
      "codename": "view_product"
    }
  },
  {
    "model": "auth.permission",
    "pk": 33,
    "fields": {
      "name": "Can add shipping address",
      "content_type": 9,
      "codename": "add_shippingaddress"
    }
  },
  {
    "model": "auth.permission",
    "pk": 34,
    "fields": {
      "name": "Can change shipping address",
      "content_type": 9,
      "codename": "change_shippingaddress"
    }
  },
  {
    "model": "auth.permission",
    "pk": 35,
    "fields": {
      "name": "Can delete shipping address",
      "content_type": 9,
      "codename": "delete_shippingaddress"
    }
  },
  {
    "model": "auth.permission",
    "pk": 36,
    "fields": {
      "name": "Can view shipping address",
      "content_type": 9,
      "codename": "view_shippingaddress"
    }
  },
  {
    "model": "auth.permission",
    "pk": 37,
    "fields": {
      "name": "Can add review",
      "content_type": 10,
      "codename": "add_review"
    }
  },
  {
    "model": "auth.permission",
    "pk": 38,
    "fields": {
      "name": "Can change review",
      "content_type": 10,
      "codename": "change_review"
    }
  },
  {
    "model": "auth.permission",
    "pk": 39,
    "fields": {
      "name": "Can delete review",
      "content_type": 10,
      "codename": "delete_review"
    }
  },
  {
    "model": "auth.permission",
    "pk": 40,
    "fields": {
      "name": "Can view review",
      "content_type": 10,
      "codename": "view_review"
    }
  },
  {
    "model": "auth.permission",
    "pk": 41,
    "fields": {
      "name": "Can add order item",
      "content_type": 11,
      "codename": "add_orderitem"
    }
  },
  {
    "model": "auth.permission",
    "pk": 42,
    "fields": {
      "name": "Can change order item",
      "content_type": 11,
      "codename": "change_orderitem"
    }
  },
  {
    "model": "auth.permission",
    "pk": 43,
    "fields": {
      "name": "Can delete order item",
      "content_type": 11,
      "codename": "delete_orderitem"
    }
  },
  {
    "model": "auth.permission",
    "pk": 44,
    "fields": {
      "name": "Can view order item",
      "content_type": 11,
      "codename": "view_orderitem"
    }
  },
  {
    "model": "auth.user",
    "pk": 1,
    "fields": {
      "password": "pbkdf2_sha256$320000$CBa6QJdQnXWRgukDinsipz$mvhtSE5YVsl0jOzYxwG/KVpSGkD/t5+l1rzWlMLVJBo=",
      "last_login": "2022-07-21T00:42:43.663Z",
      "is_superuser": true,
      "username": "evans@email.com",
      "first_name": "Evans",
      "last_name": "",
      "email": "evans@email.com",
      "is_staff": true,
      "is_active": true,
      "date_joined": "2022-06-19T05:35:20Z",
      "groups": [],
      "user_permissions": []
    }
  },
  {
    "model": "auth.user",
    "pk": 26,
    "fields": {
      "password": "pbkdf2_sha256$320000$RoCG9HiwgLUqy2JBydAgpD$SobulxAQxjl/zSrXgOR4DBtTTGD5UV5z3xRYKEP02gw=",
      "last_login": null,
      "is_superuser": false,
      "username": "kim@email.com",
      "first_name": "Kimathi",
      "last_name": "",
      "email": "kim@email.com",
      "is_staff": false,
      "is_active": true,
      "date_joined": "2022-07-11T19:11:15.721Z",
      "groups": [],
      "user_permissions": []
    }
  },
  {
    "model": "auth.user",
    "pk": 38,
    "fields": {
      "password": "pbkdf2_sha256$320000$xS9CIDIykNRhGdYSiHnBma$T4RWM9otshNWgkUU7A+eNCjeY5pvhOQNG9Z5f2PzYnM=",
      "last_login": null,
      "is_superuser": false,
      "username": "regina@email.com",
      "first_name": "Regina",
      "last_name": "",
      "email": "regina@email.com",
      "is_staff": false,
      "is_active": true,
      "date_joined": "2022-07-21T00:49:28.593Z",
      "groups": [],
      "user_permissions": []
    }
  },
  {
    "model": "contenttypes.contenttype",
    "pk": 1,
    "fields": { "app_label": "admin", "model": "logentry" }
  },
  {
    "model": "contenttypes.contenttype",
    "pk": 2,
    "fields": { "app_label": "auth", "model": "permission" }
  },
  {
    "model": "contenttypes.contenttype",
    "pk": 3,
    "fields": { "app_label": "auth", "model": "group" }
  },
  {
    "model": "contenttypes.contenttype",
    "pk": 4,
    "fields": { "app_label": "auth", "model": "user" }
  },
  {
    "model": "contenttypes.contenttype",
    "pk": 5,
    "fields": { "app_label": "contenttypes", "model": "contenttype" }
  },
  {
    "model": "contenttypes.contenttype",
    "pk": 6,
    "fields": { "app_label": "sessions", "model": "session" }
  },
  {
    "model": "contenttypes.contenttype",
    "pk": 7,
    "fields": { "app_label": "base", "model": "order" }
  },
  {
    "model": "contenttypes.contenttype",
    "pk": 8,
    "fields": { "app_label": "base", "model": "product" }
  },
  {
    "model": "contenttypes.contenttype",
    "pk": 9,
    "fields": { "app_label": "base", "model": "shippingaddress" }
  },
  {
    "model": "contenttypes.contenttype",
    "pk": 10,
    "fields": { "app_label": "base", "model": "review" }
  },
  {
    "model": "contenttypes.contenttype",
    "pk": 11,
    "fields": { "app_label": "base", "model": "orderitem" }
  },
  {
    "model": "sessions.session",
    "pk": "1bicvwrwyv1lfux6xghzf41ynnoyzxxw",
    "fields": {
      "session_data": ".eJxVjEEOwiAQRe_C2hAHpuC4dO8ZCGUGqRpISrsy3l2bdKHb_977LxXiupSwdpnDxOqsQB1-tzGmh9QN8D3WW9Op1WWeRr0peqddXxvL87K7fwcl9vKtLQw5GzBCxBCtMCKZ5JBTdgPiMXnIlJGsRUuJ2RMLMJ28I_SOUb0_1643bA:1oEKH5:FOXuBk9ntwzwxMlMdYPumueX0yNBu--TyVg5Nn_EnI4",
      "expire_date": "2022-08-04T00:42:43.733Z"
    }
  },
  {
    "model": "sessions.session",
    "pk": "4nnkrxanl2e7pnczh8igrm553ifklkz6",
    "fields": {
      "session_data": ".eJxVjMsOwiAQRf-FtSE8CgGX7v0GMjMMUjWQlHZl_Hdt0oVu7znnvkSCba1pG7ykOYuz0OL0uyHQg9sO8h3arUvqbV1mlLsiDzrktWd-Xg7376DCqN_asjfaKdQqRAPkFABx0T5qrWIwXBgJjfXWM7sSINpSKOKEOUw-qyDeH92nOC4:1o5Of8:S6Jrf2PiCFanjx09x_QT8Y5UbqSZqgOT2nwvb9kKUFU",
      "expire_date": "2022-07-10T09:34:38.561Z"
    }
  },
  {
    "model": "sessions.session",
    "pk": "d2jp3sdwo3bd8la7ej7e4ftkjhq688du",
    "fields": {
      "session_data": ".eJxVjMsOwiAQRf-FtSE8CgGX7v0GMjMMUjWQlHZl_Hdt0oVu7znnvkSCba1pG7ykOYuz0OL0uyHQg9sO8h3arUvqbV1mlLsiDzrktWd-Xg7376DCqN_asjfaKdQqRAPkFABx0T5qrWIwXBgJjfXWM7sSINpSKOKEOUw-qyDeH92nOC4:1o2w7p:PjlLEHr9syV-JlSzNedHYTwgWG1whuRX1KtvHve8msI",
      "expire_date": "2022-07-03T14:42:05.145Z"
    }
  },
  {
    "model": "sessions.session",
    "pk": "dqbhrho2gyhvrv7drdkcj426ydkvfwfl",
    "fields": {
      "session_data": ".eJxVjMsOwiAQRf-FtSE8CgGX7v0GMjMMUjWQlHZl_Hdt0oVu7znnvkSCba1pG7ykOYuz0OL0uyHQg9sO8h3arUvqbV1mlLsiDzrktWd-Xg7376DCqN_asjfaKdQqRAPkFABx0T5qrWIwXBgJjfXWM7sSINpSKOKEOUw-qyDeH92nOC4:1o2trT:qrcCBS0XLSjapIm1mPQckQBBvLAxXWjVKE_qTPZEJ_g",
      "expire_date": "2022-07-03T12:17:03.428Z"
    }
  },
  {
    "model": "sessions.session",
    "pk": "is8q17fdo7kc29flkxgj0p0fy1zevlsa",
    "fields": {
      "session_data": ".eJxVjMsOwiAQRf-FtSE8CgGX7v0GMjMMUjWQlHZl_Hdt0oVu7znnvkSCba1pG7ykOYuz0OL0uyHQg9sO8h3arUvqbV1mlLsiDzrktWd-Xg7376DCqN_asjfaKdQqRAPkFABx0T5qrWIwXBgJjfXWM7sSINpSKOKEOUw-qyDeH92nOC4:1o2yiA:xYMGbEgF5hDWr4uMokFdhSOgRJVdcB1igGerMe1Rzws",
      "expire_date": "2022-07-03T17:27:46.483Z"
    }
  },
  {
    "model": "sessions.session",
    "pk": "qlox1ja1dmalfbgvvqvuxz0mauhlbgwu",
    "fields": {
      "session_data": ".eJxVjMsOwiAQRf-FtSE8CgGX7v0GMjMMUjWQlHZl_Hdt0oVu7znnvkSCba1pG7ykOYuz0OL0uyHQg9sO8h3arUvqbV1mlLsiDzrktWd-Xg7376DCqN_asjfaKdQqRAPkFABx0T5qrWIwXBgJjfXWM7sSINpSKOKEOUw-qyDeH92nOC4:1o2nco:lJdo1BB9wh6egKhQXMMnQZ1wFafcvXoq2GfNePa1CQA",
      "expire_date": "2022-07-03T05:37:30.108Z"
    }
  },
  {
    "model": "sessions.session",
    "pk": "tddh2c0e85it9zb749w1um80g170pdpx",
    "fields": {
      "session_data": ".eJxVjEEOwiAQRe_C2hAHpuC4dO8ZCGUGqRpISrsy3l2bdKHb_977LxXiupSwdpnDxOqsQB1-tzGmh9QN8D3WW9Op1WWeRr0peqddXxvL87K7fwcl9vKtLQw5GzBCxBCtMCKZ5JBTdgPiMXnIlJGsRUuJ2RMLMJ28I_SOUb0_1643bA:1oBBZR:hImXW9axKQFkWtHs7GdMjSSQtohtRvi3FRFmNmCblok",
      "expire_date": "2022-07-26T08:48:41.092Z"
    }
  },
  {
    "model": "sessions.session",
    "pk": "u2eqm9htp0amtdi41ixw074yyq1111o8",
    "fields": {
      "session_data": ".eJxVjEEOwiAQRe_C2hAHpuC4dO8ZCGUGqRpISrsy3l2bdKHb_977LxXiupSwdpnDxOqsQB1-tzGmh9QN8D3WW9Op1WWeRr0peqddXxvL87K7fwcl9vKtLQw5GzBCxBCtMCKZ5JBTdgPiMXnIlJGsRUuJ2RMLMJ28I_SOUb0_1643bA:1oD5Xz:h2jyOna32EWfdKZ6xa0bDk6g7NioGOlxdT2pXBidfXw",
      "expire_date": "2022-07-31T14:47:03.334Z"
    }
  },
  {
    "model": "sessions.session",
    "pk": "weqiq8slpyvn30tr7zfq0fu5hn6zhl06",
    "fields": {
      "session_data": ".eJxVjEEOwiAQRe_C2hAHpuC4dO8ZCGUGqRpISrsy3l2bdKHb_977LxXiupSwdpnDxOqsQB1-tzGmh9QN8D3WW9Op1WWeRr0peqddXxvL87K7fwcl9vKtLQw5GzBCxBCtMCKZ5JBTdgPiMXnIlJGsRUuJ2RMLMJ28I_SOUb0_1643bA:1o9lnz:OCQTsnAr5CpIQ_eXPm6IFh2PgizEpKeCIo5pc5i6jPE",
      "expire_date": "2022-07-22T11:05:51.853Z"
    }
  },
  {
    "model": "sessions.session",
    "pk": "xt1xnyii08k4mer2d4134ao6x7decce0",
    "fields": {
      "session_data": ".eJxVjEEOwiAQRe_C2hAHpuC4dO8ZCGUGqRpISrsy3l2bdKHb_977LxXiupSwdpnDxOqsQB1-tzGmh9QN8D3WW9Op1WWeRr0peqddXxvL87K7fwcl9vKtLQw5GzBCxBCtMCKZ5JBTdgPiMXnIlJGsRUuJ2RMLMJ28I_SOUb0_1643bA:1oD5Xz:h2jyOna32EWfdKZ6xa0bDk6g7NioGOlxdT2pXBidfXw",
      "expire_date": "2022-07-31T14:47:03.586Z"
    }
  },
  {
    "model": "base.product",
    "pk": 1,
    "fields": {
      "user": 1,
      "name": "Airpods Wireless Bluetooth Headphones",
      "image": "airpods.jpg",
      "brand": "Apple",
      "category": "Electronics",
      "description": "Bluetooth technology lets you connect it with compatible devices wirelessly High-quality AAC audio offers immersive listening experience Built-in microphone allows you to take calls while working",
      "rating": "2.00",
      "numReviews": 2,
      "price": "89.99",
      "countInStock": 7,
      "createdAt": "2022-06-19T05:38:16.766Z"
    }
  },
  {
    "model": "base.product",
    "pk": 2,
    "fields": {
      "user": 1,
      "name": "iPhone 11 Pro 256 GB Memory",
      "image": "phone.jpg",
      "brand": "Apple",
      "category": "Electronics ",
      "description": "Introducing the iPhone 11 Pro. A transformative triple-camera system that adds tons of capability without complexity. An unprecedented leap in battery life ",
      "rating": "4.00",
      "numReviews": 2,
      "price": "599.99",
      "countInStock": 9,
      "createdAt": "2022-06-19T05:38:35.867Z"
    }
  },
  {
    "model": "base.product",
    "pk": 3,
    "fields": {
      "user": 1,
      "name": "Cannon EOS 80D DSLR Camera",
      "image": "camera.jpg",
      "brand": "Cannon",
      "category": "Electronics",
      "description": "Characterized by versatile imaging specs, the Canon EOS 80D further clarifies itself using a pair of robust focusing systems and an intuitive design",
      "rating": "4.00",
      "numReviews": 2,
      "price": "929.99",
      "countInStock": 12,
      "createdAt": "2022-06-19T05:39:13.619Z"
    }
  },
  {
    "model": "base.product",
    "pk": 4,
    "fields": {
      "user": 1,
      "name": "Sony Playstation 4 Pro White Version",
      "image": "playstation.jpg",
      "brand": "Sony",
      "category": "Electronics",
      "description": "The ultimate home entertainment center starts with PlayStation. Whether you are into gaming, HD movies, television, music",
      "rating": "5.00",
      "numReviews": 12,
      "price": "399.99",
      "countInStock": 15,
      "createdAt": "2022-06-19T05:39:33.908Z"
    }
  },
  {
    "model": "base.product",
    "pk": 5,
    "fields": {
      "user": 1,
      "name": "Logitech G-Series Gaming Mouse",
      "image": "mouse.jpg",
      "brand": "Logitech",
      "category": "Electronics",
      "description": "Get a better handle on your games with this Logitech LIGHTSYNC gaming mouse. The six programmable buttons allow customization for a smooth playing experience",
      "rating": "3.50",
      "numReviews": 10,
      "price": "49.99",
      "countInStock": 7,
      "createdAt": "2022-06-19T05:39:55.238Z"
    }
  },
  {
    "model": "base.product",
    "pk": 6,
    "fields": {
      "user": 1,
      "name": "Amazon Echo Dot 3rd Generation",
      "image": "alexa.jpg",
      "brand": "Amazon",
      "category": "Electronics",
      "description": "Meet Echo Dot - Our most popular smart speaker with a fabric design. It is our most compact smart speaker that fits perfectly into small space",
      "rating": "4.00",
      "numReviews": 12,
      "price": "29.99",
      "countInStock": 0,
      "createdAt": "2022-06-19T05:40:41.171Z"
    }
  },
  {
    "model": "base.product",
    "pk": 29,
    "fields": {
      "user": 1,
      "name": "Sample Name",
      "image": "/placeholder.png",
      "brand": "Sample Brand",
      "category": "Sample Category",
      "description": "",
      "rating": null,
      "numReviews": 0,
      "price": "0.00",
      "countInStock": 0,
      "createdAt": "2022-07-20T21:07:55.413Z"
    }
  },
  {
    "model": "base.product",
    "pk": 30,
    "fields": {
      "user": 1,
      "name": "Sample Name",
      "image": "Screenshot_from_2022-07-10_04-15-07.png",
      "brand": "Sample Brand",
      "category": "Sample Category",
      "description": "",
      "rating": null,
      "numReviews": 0,
      "price": "0.00",
      "countInStock": 0,
      "createdAt": "2022-07-20T21:08:04.686Z"
    }
  },
  {
    "model": "base.product",
    "pk": 31,
    "fields": {
      "user": 1,
      "name": "Sample Name",
      "image": "/placeholder.png",
      "brand": "Sample Brand",
      "category": "Sample Category",
      "description": "",
      "rating": null,
      "numReviews": 0,
      "price": "0.00",
      "countInStock": 0,
      "createdAt": "2022-07-20T21:08:10.668Z"
    }
  },
  {
    "model": "base.review",
    "pk": 1,
    "fields": {
      "product": 1,
      "user": 1,
      "name": "Evans",
      "rating": 3,
      "comment": "Good Product",
      "createdAt": "2022-07-20T15:16:24.760Z"
    }
  },
  {
    "model": "base.review",
    "pk": 2,
    "fields": {
      "product": 2,
      "user": 1,
      "name": "Evans",
      "rating": 3,
      "comment": "Good product",
      "createdAt": "2022-07-20T15:16:24.760Z"
    }
  },
  {
    "model": "base.review",
    "pk": 3,
    "fields": {
      "product": 3,
      "user": 1,
      "name": "Evans",
      "rating": 3,
      "comment": "Good product",
      "createdAt": "2022-07-20T15:16:24.760Z"
    }
  },
  {
    "model": "base.review",
    "pk": 4,
    "fields": {
      "product": 1,
      "user": 26,
      "name": "Kimathi",
      "rating": 1,
      "comment": "",
      "createdAt": "2022-07-20T16:37:55.293Z"
    }
  },
  {
    "model": "base.review",
    "pk": 5,
    "fields": {
      "product": 2,
      "user": 26,
      "name": "Kimathi",
      "rating": 5,
      "comment": "",
      "createdAt": "2022-07-20T16:41:40.171Z"
    }
  },
  {
    "model": "base.review",
    "pk": 6,
    "fields": {
      "product": 3,
      "user": 26,
      "name": "Kimathi",
      "rating": 5,
      "comment": "I love it",
      "createdAt": "2022-07-20T16:42:04.847Z"
    }
  },
  {
    "model": "base.order",
    "pk": 1,
    "fields": {
      "user": 26,
      "paymentMethod": "PayPal",
      "taxPrice": "56.58",
      "shippingPrice": "0.00",
      "totalPrice": "746.56",
      "isPaid": true,
      "paidAt": "2022-07-14T12:32:11.091Z",
      "isDelivered": true,
      "deliveredAt": "2022-07-20T10:59:10.437Z",
      "createdAt": "2022-07-11T19:51:08.292Z"
    }
  },
  {
    "model": "base.order",
    "pk": 2,
    "fields": {
      "user": 26,
      "paymentMethod": "PayPal",
      "taxPrice": "56.58",
      "shippingPrice": "0.00",
      "totalPrice": "746.56",
      "isPaid": true,
      "paidAt": "2022-07-14T12:29:47.495Z",
      "isDelivered": true,
      "deliveredAt": "2022-07-20T09:34:07.770Z",
      "createdAt": "2022-07-11T19:53:10.289Z"
    }
  },
  {
    "model": "base.order",
    "pk": 3,
    "fields": {
      "user": 1,
      "paymentMethod": "PayPal",
      "taxPrice": "47.56",
      "shippingPrice": "0.00",
      "totalPrice": "627.53",
      "isPaid": true,
      "paidAt": "2022-07-14T12:28:38.569Z",
      "isDelivered": false,
      "deliveredAt": null,
      "createdAt": "2022-07-12T08:41:50.649Z"
    }
  },
  {
    "model": "base.order",
    "pk": 4,
    "fields": {
      "user": 1,
      "paymentMethod": "PayPal",
      "taxPrice": "7.38",
      "shippingPrice": "10.00",
      "totalPrice": "107.37",
      "isPaid": true,
      "paidAt": "2022-07-02T09:14:30Z",
      "isDelivered": true,
      "deliveredAt": "2022-07-20T09:35:29.777Z",
      "createdAt": "2022-07-12T10:59:11.753Z"
    }
  },
  {
    "model": "base.order",
    "pk": 5,
    "fields": {
      "user": 1,
      "paymentMethod": "Cash on Delivery",
      "taxPrice": "7.38",
      "shippingPrice": "10.00",
      "totalPrice": "107.37",
      "isPaid": true,
      "paidAt": "2022-07-14T12:46:28.820Z",
      "isDelivered": false,
      "deliveredAt": null,
      "createdAt": "2022-07-12T16:05:36.818Z"
    }
  },
  {
    "model": "base.order",
    "pk": 6,
    "fields": {
      "user": 1,
      "paymentMethod": "Cash on Delivery",
      "taxPrice": "14.76",
      "shippingPrice": "0.00",
      "totalPrice": "194.74",
      "isPaid": true,
      "paidAt": "2022-07-20T10:57:47.288Z",
      "isDelivered": false,
      "deliveredAt": null,
      "createdAt": "2022-07-14T12:35:36.322Z"
    }
  },
  {
    "model": "base.order",
    "pk": 23,
    "fields": {
      "user": 26,
      "paymentMethod": "Cash on Delivery",
      "taxPrice": "32.80",
      "shippingPrice": "0.00",
      "totalPrice": "432.79",
      "isPaid": true,
      "paidAt": "2022-07-20T10:58:10.818Z",
      "isDelivered": false,
      "deliveredAt": null,
      "createdAt": "2022-07-20T10:12:09.245Z"
    }
  },
  {
    "model": "base.order",
    "pk": 24,
    "fields": {
      "user": 26,
      "paymentMethod": "Cash on Delivery",
      "taxPrice": "49.20",
      "shippingPrice": "0.00",
      "totalPrice": "649.19",
      "isPaid": true,
      "paidAt": "2022-07-20T10:58:24.078Z",
      "isDelivered": true,
      "deliveredAt": "2022-07-20T10:58:30.978Z",
      "createdAt": "2022-07-20T10:27:26.820Z"
    }
  },
  {
    "model": "base.order",
    "pk": 25,
    "fields": {
      "user": 26,
      "paymentMethod": "PayPal",
      "taxPrice": "49.20",
      "shippingPrice": "0.00",
      "totalPrice": "649.19",
      "isPaid": false,
      "paidAt": null,
      "isDelivered": false,
      "deliveredAt": null,
      "createdAt": "2022-07-20T10:28:00.079Z"
    }
  },
  {
    "model": "base.order",
    "pk": 26,
    "fields": {
      "user": 26,
      "paymentMethod": "PayPal",
      "taxPrice": "49.20",
      "shippingPrice": "0.00",
      "totalPrice": "649.19",
      "isPaid": false,
      "paidAt": null,
      "isDelivered": false,
      "deliveredAt": null,
      "createdAt": "2022-07-20T10:29:15.197Z"
    }
  },
  {
    "model": "base.order",
    "pk": 27,
    "fields": {
      "user": 26,
      "paymentMethod": "PayPal",
      "taxPrice": "49.20",
      "shippingPrice": "0.00",
      "totalPrice": "649.19",
      "isPaid": false,
      "paidAt": null,
      "isDelivered": false,
      "deliveredAt": null,
      "createdAt": "2022-07-20T10:31:22.770Z"
    }
  },
  {
    "model": "base.order",
    "pk": 28,
    "fields": {
      "user": 26,
      "paymentMethod": "Cash on Delivery",
      "taxPrice": "49.20",
      "shippingPrice": "0.00",
      "totalPrice": "649.19",
      "isPaid": false,
      "paidAt": null,
      "isDelivered": false,
      "deliveredAt": null,
      "createdAt": "2022-07-20T10:32:02.461Z"
    }
  },
  {
    "model": "base.order",
    "pk": 29,
    "fields": {
      "user": 26,
      "paymentMethod": "Cash on Delivery",
      "taxPrice": "49.20",
      "shippingPrice": "0.00",
      "totalPrice": "649.19",
      "isPaid": false,
      "paidAt": null,
      "isDelivered": false,
      "deliveredAt": null,
      "createdAt": "2022-07-20T10:32:43.018Z"
    }
  },
  {
    "model": "base.order",
    "pk": 30,
    "fields": {
      "user": 26,
      "paymentMethod": "Cash on Delivery",
      "taxPrice": "49.20",
      "shippingPrice": "0.00",
      "totalPrice": "649.19",
      "isPaid": false,
      "paidAt": null,
      "isDelivered": false,
      "deliveredAt": null,
      "createdAt": "2022-07-20T10:33:47.063Z"
    }
  },
  {
    "model": "base.order",
    "pk": 31,
    "fields": {
      "user": 1,
      "paymentMethod": "PayPal",
      "taxPrice": "32.80",
      "shippingPrice": "0.00",
      "totalPrice": "432.79",
      "isPaid": true,
      "paidAt": "2022-07-20T10:41:25.513Z",
      "isDelivered": false,
      "deliveredAt": null,
      "createdAt": "2022-07-20T10:39:30.578Z"
    }
  },
  {
    "model": "base.order",
    "pk": 32,
    "fields": {
      "user": 1,
      "paymentMethod": "PayPal",
      "taxPrice": "32.80",
      "shippingPrice": "0.00",
      "totalPrice": "432.79",
      "isPaid": true,
      "paidAt": "2022-07-20T10:43:26.031Z",
      "isDelivered": false,
      "deliveredAt": null,
      "createdAt": "2022-07-20T10:41:54.144Z"
    }
  },
  {
    "model": "base.order",
    "pk": 33,
    "fields": {
      "user": 38,
      "paymentMethod": "PayPal",
      "taxPrice": "7.38",
      "shippingPrice": "10.00",
      "totalPrice": "107.37",
      "isPaid": true,
      "paidAt": "2022-07-21T00:50:08.343Z",
      "isDelivered": false,
      "deliveredAt": null,
      "createdAt": "2022-07-21T00:49:47.618Z"
    }
  },
  {
    "model": "base.order",
    "pk": 34,
    "fields": {
      "user": 38,
      "paymentMethod": "Cash on Delivery",
      "taxPrice": "49.20",
      "shippingPrice": "0.00",
      "totalPrice": "649.19",
      "isPaid": true,
      "paidAt": "2022-07-21T00:50:59.564Z",
      "isDelivered": true,
      "deliveredAt": "2022-07-21T00:51:07.116Z",
      "createdAt": "2022-07-21T00:50:26.698Z"
    }
  },
  {
    "model": "base.orderitem",
    "pk": 1,
    "fields": {
      "product": 1,
      "order": 1,
      "name": "Airpods Wireless Bluetooth Headphones",
      "qty": 1,
      "price": "89.99",
      "image": "/images/airpods.jpg"
    }
  },
  {
    "model": "base.orderitem",
    "pk": 2,
    "fields": {
      "product": 2,
      "order": 1,
      "name": "iPhone 11 Pro 256 GB Memory",
      "qty": 1,
      "price": "599.99",
      "image": "/images/phone.jpg"
    }
  },
  {
    "model": "base.orderitem",
    "pk": 3,
    "fields": {
      "product": 1,
      "order": 2,
      "name": "Airpods Wireless Bluetooth Headphones",
      "qty": 1,
      "price": "89.99",
      "image": "/images/airpods.jpg"
    }
  },
  {
    "model": "base.orderitem",
    "pk": 4,
    "fields": {
      "product": 2,
      "order": 2,
      "name": "iPhone 11 Pro 256 GB Memory",
      "qty": 1,
      "price": "599.99",
      "image": "/images/phone.jpg"
    }
  },
  {
    "model": "base.orderitem",
    "pk": 5,
    "fields": {
      "product": 1,
      "order": 3,
      "name": "Airpods Wireless Bluetooth Headphones",
      "qty": 2,
      "price": "89.99",
      "image": "/images/airpods.jpg"
    }
  },
  {
    "model": "base.orderitem",
    "pk": 6,
    "fields": {
      "product": 4,
      "order": 3,
      "name": "Sony Playstation 4 Pro White Version",
      "qty": 1,
      "price": "399.99",
      "image": "/images/playstation.jpg"
    }
  },
  {
    "model": "base.orderitem",
    "pk": 7,
    "fields": {
      "product": 1,
      "order": 4,
      "name": "Airpods Wireless Bluetooth Headphones",
      "qty": 1,
      "price": "89.99",
      "image": "/images/airpods.jpg"
    }
  },
  {
    "model": "base.orderitem",
    "pk": 8,
    "fields": {
      "product": 1,
      "order": 5,
      "name": "Airpods Wireless Bluetooth Headphones",
      "qty": 1,
      "price": "89.99",
      "image": "/images/airpods.jpg"
    }
  },
  {
    "model": "base.orderitem",
    "pk": 9,
    "fields": {
      "product": 1,
      "order": 6,
      "name": "Airpods Wireless Bluetooth Headphones",
      "qty": 2,
      "price": "89.99",
      "image": "/images/airpods.jpg"
    }
  },
  {
    "model": "base.orderitem",
    "pk": 10,
    "fields": {
      "product": 2,
      "order": null,
      "name": "iPhone 11 Pro 256 GB Memory",
      "qty": 1,
      "price": "599.99",
      "image": "/images/phone.jpg"
    }
  },
  {
    "model": "base.orderitem",
    "pk": 11,
    "fields": {
      "product": 1,
      "order": null,
      "name": "Airpods Wireless Bluetooth Headphones",
      "qty": 2,
      "price": "89.99",
      "image": "/images/airpods.jpg"
    }
  },
  {
    "model": "base.orderitem",
    "pk": 12,
    "fields": {
      "product": 2,
      "order": null,
      "name": "iPhone 11 Pro 256 GB Memory",
      "qty": 1,
      "price": "599.99",
      "image": "/images/phone.jpg"
    }
  },
  {
    "model": "base.orderitem",
    "pk": 13,
    "fields": {
      "product": 2,
      "order": null,
      "name": "iPhone 11 Pro 256 GB Memory",
      "qty": 1,
      "price": "599.99",
      "image": "/images/phone.jpg"
    }
  },
  {
    "model": "base.orderitem",
    "pk": 14,
    "fields": {
      "product": 2,
      "order": null,
      "name": "iPhone 11 Pro 256 GB Memory",
      "qty": 1,
      "price": "599.99",
      "image": "/images/phone.jpg"
    }
  },
  {
    "model": "base.orderitem",
    "pk": 15,
    "fields": {
      "product": 3,
      "order": null,
      "name": "Cannon EOS 80D DSLR Camera",
      "qty": 1,
      "price": "929.99",
      "image": "/images/camera.jpg"
    }
  },
  {
    "model": "base.orderitem",
    "pk": 16,
    "fields": {
      "product": 3,
      "order": null,
      "name": "Cannon EOS 80D DSLR Camera",
      "qty": 1,
      "price": "929.99",
      "image": "/images/camera.jpg"
    }
  },
  {
    "model": "base.orderitem",
    "pk": 17,
    "fields": {
      "product": 2,
      "order": null,
      "name": "iPhone 11 Pro 256 GB Memory",
      "qty": 1,
      "price": "599.99",
      "image": "/images/phone.jpg"
    }
  },
  {
    "model": "base.orderitem",
    "pk": 18,
    "fields": {
      "product": 3,
      "order": null,
      "name": "Cannon EOS 80D DSLR Camera",
      "qty": 1,
      "price": "929.99",
      "image": "/images/camera.jpg"
    }
  },
  {
    "model": "base.orderitem",
    "pk": 19,
    "fields": {
      "product": 3,
      "order": null,
      "name": "Cannon EOS 80D DSLR Camera",
      "qty": 1,
      "price": "929.99",
      "image": "/images/camera.jpg"
    }
  },
  {
    "model": "base.orderitem",
    "pk": 20,
    "fields": {
      "product": 2,
      "order": null,
      "name": "iPhone 11 Pro 256 GB Memory",
      "qty": 1,
      "price": "599.99",
      "image": "/images/phone.jpg"
    }
  },
  {
    "model": "base.orderitem",
    "pk": 21,
    "fields": {
      "product": 3,
      "order": null,
      "name": "Cannon EOS 80D DSLR Camera",
      "qty": 1,
      "price": "929.99",
      "image": "/images/camera.jpg"
    }
  },
  {
    "model": "base.orderitem",
    "pk": 22,
    "fields": {
      "product": 4,
      "order": null,
      "name": "Sony Playstation 4 Pro White Version",
      "qty": 1,
      "price": "399.99",
      "image": "/images/playstation.jpg"
    }
  },
  {
    "model": "base.orderitem",
    "pk": 23,
    "fields": {
      "product": 4,
      "order": null,
      "name": "Sony Playstation 4 Pro White Version",
      "qty": 1,
      "price": "399.99",
      "image": "/images/playstation.jpg"
    }
  },
  {
    "model": "base.orderitem",
    "pk": 24,
    "fields": {
      "product": 4,
      "order": null,
      "name": "Sony Playstation 4 Pro White Version",
      "qty": 1,
      "price": "399.99",
      "image": "/images/playstation.jpg"
    }
  },
  {
    "model": "base.orderitem",
    "pk": 25,
    "fields": {
      "product": 4,
      "order": null,
      "name": "Sony Playstation 4 Pro White Version",
      "qty": 1,
      "price": "399.99",
      "image": "/images/playstation.jpg"
    }
  },
  {
    "model": "base.orderitem",
    "pk": 26,
    "fields": {
      "product": 4,
      "order": 23,
      "name": "Sony Playstation 4 Pro White Version",
      "qty": 1,
      "price": "399.99",
      "image": "/images/playstation.jpg"
    }
  },
  {
    "model": "base.orderitem",
    "pk": 27,
    "fields": {
      "product": 2,
      "order": 24,
      "name": "iPhone 11 Pro 256 GB Memory",
      "qty": 1,
      "price": "599.99",
      "image": "/images/phone.jpg"
    }
  },
  {
    "model": "base.orderitem",
    "pk": 28,
    "fields": {
      "product": 2,
      "order": 25,
      "name": "iPhone 11 Pro 256 GB Memory",
      "qty": 1,
      "price": "599.99",
      "image": "/images/phone.jpg"
    }
  },
  {
    "model": "base.orderitem",
    "pk": 29,
    "fields": {
      "product": 2,
      "order": 26,
      "name": "iPhone 11 Pro 256 GB Memory",
      "qty": 1,
      "price": "599.99",
      "image": "/images/phone.jpg"
    }
  },
  {
    "model": "base.orderitem",
    "pk": 30,
    "fields": {
      "product": 2,
      "order": 27,
      "name": "iPhone 11 Pro 256 GB Memory",
      "qty": 1,
      "price": "599.99",
      "image": "/images/phone.jpg"
    }
  },
  {
    "model": "base.orderitem",
    "pk": 31,
    "fields": {
      "product": 2,
      "order": 28,
      "name": "iPhone 11 Pro 256 GB Memory",
      "qty": 1,
      "price": "599.99",
      "image": "/images/phone.jpg"
    }
  },
  {
    "model": "base.orderitem",
    "pk": 32,
    "fields": {
      "product": 2,
      "order": 29,
      "name": "iPhone 11 Pro 256 GB Memory",
      "qty": 1,
      "price": "599.99",
      "image": "/images/phone.jpg"
    }
  },
  {
    "model": "base.orderitem",
    "pk": 33,
    "fields": {
      "product": 2,
      "order": 30,
      "name": "iPhone 11 Pro 256 GB Memory",
      "qty": 1,
      "price": "599.99",
      "image": "/images/phone.jpg"
    }
  },
  {
    "model": "base.orderitem",
    "pk": 34,
    "fields": {
      "product": 4,
      "order": 31,
      "name": "Sony Playstation 4 Pro White Version",
      "qty": 1,
      "price": "399.99",
      "image": "/images/playstation.jpg"
    }
  },
  {
    "model": "base.orderitem",
    "pk": 35,
    "fields": {
      "product": 4,
      "order": 32,
      "name": "Sony Playstation 4 Pro White Version",
      "qty": 1,
      "price": "399.99",
      "image": "/images/playstation.jpg"
    }
  },
  {
    "model": "base.orderitem",
    "pk": 36,
    "fields": {
      "product": 1,
      "order": 33,
      "name": "Airpods Wireless Bluetooth Headphones",
      "qty": 1,
      "price": "89.99",
      "image": "/images/airpods.jpg"
    }
  },
  {
    "model": "base.orderitem",
    "pk": 37,
    "fields": {
      "product": 2,
      "order": 34,
      "name": "iPhone 11 Pro 256 GB Memory",
      "qty": 1,
      "price": "599.99",
      "image": "/images/phone.jpg"
    }
  },
  {
    "model": "base.shippingaddress",
    "pk": 1,
    "fields": {
      "order": 1,
      "address": "Nairobi",
      "city": "Nairobi Kenya",
      "postalCode": "00100",
      "country": "Kenya"
    }
  },
  {
    "model": "base.shippingaddress",
    "pk": 2,
    "fields": {
      "order": 2,
      "address": "Nairobi",
      "city": "Nairobi Kenya",
      "postalCode": "00100",
      "country": "Kenya"
    }
  },
  {
    "model": "base.shippingaddress",
    "pk": 3,
    "fields": {
      "order": 3,
      "address": "Nairobi",
      "city": "Nairobi Kenya",
      "postalCode": "00100",
      "country": "Kenya"
    }
  },
  {
    "model": "base.shippingaddress",
    "pk": 4,
    "fields": {
      "order": 4,
      "address": "Nairobi",
      "city": "Nairobi Kenya",
      "postalCode": "00100",
      "country": "Kenya"
    }
  },
  {
    "model": "base.shippingaddress",
    "pk": 5,
    "fields": {
      "order": 5,
      "address": "Nairobi",
      "city": "Nairobi Kenya",
      "postalCode": "00100",
      "country": "Kenya"
    }
  },
  {
    "model": "base.shippingaddress",
    "pk": 6,
    "fields": {
      "order": 6,
      "address": "Nairobi",
      "city": "Nairobi Kenya",
      "postalCode": "00100",
      "country": "Kenya"
    }
  },
  {
    "model": "base.shippingaddress",
    "pk": 23,
    "fields": {
      "order": 23,
      "address": "Nairobi",
      "city": "Nairobi Kenya",
      "postalCode": "00100",
      "country": "Kenya"
    }
  },
  {
    "model": "base.shippingaddress",
    "pk": 24,
    "fields": {
      "order": 24,
      "address": "Nairobi",
      "city": "Nairobi Kenya",
      "postalCode": "00100",
      "country": "Kenya"
    }
  },
  {
    "model": "base.shippingaddress",
    "pk": 25,
    "fields": {
      "order": 25,
      "address": "Nairobi",
      "city": "Nairobi Kenya",
      "postalCode": "00100",
      "country": "Kenya"
    }
  },
  {
    "model": "base.shippingaddress",
    "pk": 26,
    "fields": {
      "order": 26,
      "address": "Nairobi",
      "city": "Nairobi Kenya",
      "postalCode": "00100",
      "country": "Kenya"
    }
  },
  {
    "model": "base.shippingaddress",
    "pk": 27,
    "fields": {
      "order": 27,
      "address": "Nairobi",
      "city": "Nairobi Kenya",
      "postalCode": "00100",
      "country": "Kenya"
    }
  },
  {
    "model": "base.shippingaddress",
    "pk": 28,
    "fields": {
      "order": 28,
      "address": "Nairobi",
      "city": "Nairobi Kenya",
      "postalCode": "00100",
      "country": "Kenya"
    }
  },
  {
    "model": "base.shippingaddress",
    "pk": 29,
    "fields": {
      "order": 29,
      "address": "Nairobi",
      "city": "Nairobi Kenya",
      "postalCode": "00100",
      "country": "Kenya"
    }
  },
  {
    "model": "base.shippingaddress",
    "pk": 30,
    "fields": {
      "order": 30,
      "address": "Nairobi",
      "city": "Nairobi Kenya",
      "postalCode": "00100",
      "country": "Kenya"
    }
  },
  {
    "model": "base.shippingaddress",
    "pk": 31,
    "fields": {
      "order": 31,
      "address": "Nairobi",
      "city": "Nairobi Kenya",
      "postalCode": "00100",
      "country": "Kenya"
    }
  },
  {
    "model": "base.shippingaddress",
    "pk": 32,
    "fields": {
      "order": 32,
      "address": "Nairobi",
      "city": "Nairobi Kenya",
      "postalCode": "00100",
      "country": "Kenya"
    }
  },
  {
    "model": "base.shippingaddress",
    "pk": 33,
    "fields": {
      "order": 33,
      "address": "Nairobi",
      "city": "Nairobi Kenya",
      "postalCode": "00100",
      "country": "Kenya"
    }
  },
  {
    "model": "base.shippingaddress",
    "pk": 34,
    "fields": {
      "order": 34,
      "address": "Nairobi",
      "city": "Nairobi Kenya",
      "postalCode": "00100",
      "country": "Kenya"
    }
  }
]
