[{"model": "admin.logentry", "pk": 1, "fields": {"action_time": "2023-04-29T09:58:37.834Z", "user": 1, "content_type": 4, "object_id": "1", "object_repr": "justice@email.com", "action_flag": 2, "change_message": "[{\"changed\": {\"fields\": [\"First name\", \"Email address\"]}}]"}}, {"model": "admin.logentry", "pk": 2, "fields": {"action_time": "2023-04-29T09:58:57.060Z", "user": 1, "content_type": 10, "object_id": "47", "object_repr": "Shoes", "action_flag": 2, "change_message": "[]"}}, {"model": "admin.logentry", "pk": 3, "fields": {"action_time": "2023-04-29T15:03:43.571Z", "user": 1, "content_type": 10, "object_id": "18", "object_repr": "Laptops", "action_flag": 2, "change_message": "[{\"changed\": {\"fields\": [\"Image\"]}}]"}}, {"model": "admin.logentry", "pk": 4, "fields": {"action_time": "2023-04-29T15:04:32.749Z", "user": 1, "content_type": 10, "object_id": "47", "object_repr": "Shoes", "action_flag": 2, "change_message": "[{\"changed\": {\"fields\": [\"Image\"]}}]"}}, {"model": "admin.logentry", "pk": 5, "fields": {"action_time": "2023-04-29T15:07:53.641Z", "user": 1, "content_type": 10, "object_id": "48", "object_repr": "PC Gaming", "action_flag": 2, "change_message": "[{\"changed\": {\"fields\": [\"Image\"]}}]"}}, {"model": "admin.logentry", "pk": 6, "fields": {"action_time": "2023-04-29T15:14:04.300Z", "user": 1, "content_type": 10, "object_id": "45", "object_repr": "Outdoor Recreation", "action_flag": 2, "change_message": "[{\"changed\": {\"fields\": [\"Image\"]}}]"}}, {"model": "admin.logentry", "pk": 7, "fields": {"action_time": "2023-04-29T15:18:35.530Z", "user": 1, "content_type": 10, "object_id": "48", "object_repr": "PC Gaming", "action_flag": 2, "change_message": "[{\"changed\": {\"fields\": [\"Image\"]}}]"}}, {"model": "admin.logentry", "pk": 8, "fields": {"action_time": "2023-04-29T15:18:46.704Z", "user": 1, "content_type": 10, "object_id": "31", "object_repr": "Digital Games", "action_flag": 2, "change_message": "[{\"changed\": {\"fields\": [\"Image\"]}}]"}}, {"model": "admin.logentry", "pk": 9, "fields": {"action_time": "2023-04-29T15:25:36.940Z", "user": 1, "content_type": 10, "object_id": "44", "object_repr": "Sports Nutrition", "action_flag": 2, "change_message": "[{\"changed\": {\"fields\": [\"Image\"]}}]"}}, {"model": "admin.logentry", "pk": 10, "fields": {"action_time": "2023-04-29T15:29:04.473Z", "user": 1, "content_type": 10, "object_id": "43", "object_repr": "Sport & Fitness", "action_flag": 2, "change_message": "[{\"changed\": {\"fields\": [\"Image\"]}}]"}}, {"model": "admin.logentry", "pk": 11, "fields": {"action_time": "2023-04-29T15:31:31.196Z", "user": 1, "content_type": 10, "object_id": "42", "object_repr": "Health & Baby Care", "action_flag": 2, "change_message": "[{\"changed\": {\"fields\": [\"Image\"]}}]"}}, {"model": "admin.logentry", "pk": 12, "fields": {"action_time": "2023-04-29T15:32:21.713Z", "user": 1, "content_type": 10, "object_id": "41", "object_repr": "Potty Training", "action_flag": 2, "change_message": "[{\"changed\": {\"fields\": [\"Image\"]}}]"}}, {"model": "admin.logentry", "pk": 13, "fields": {"action_time": "2023-04-29T15:33:21.870Z", "user": 1, "content_type": 10, "object_id": "40", "object_repr": "Baby Safety", "action_flag": 2, "change_message": "[{\"changed\": {\"fields\": [\"Image\"]}}]"}}, {"model": "admin.logentry", "pk": 14, "fields": {"action_time": "2023-04-29T15:36:51.226Z", "user": 1, "content_type": 10, "object_id": "39", "object_repr": "Feeding", "action_flag": 2, "change_message": "[{\"changed\": {\"fields\": [\"Image\"]}}]"}}, {"model": "admin.logentry", "pk": 15, "fields": {"action_time": "2023-04-29T15:37:26.250Z", "user": 1, "content_type": 10, "object_id": "38", "object_repr": "Baby & Toddler Toys", "action_flag": 2, "change_message": "[{\"changed\": {\"fields\": [\"Image\"]}}]"}}, {"model": "admin.logentry", "pk": 16, "fields": {"action_time": "2023-04-29T15:38:20.003Z", "user": 1, "content_type": 10, "object_id": "39", "object_repr": "Baby Feeding", "action_flag": 2, "change_message": "[{\"changed\": {\"fields\": [\"Name\"]}}]"}}, {"model": "admin.logentry", "pk": 17, "fields": {"action_time": "2023-04-29T15:40:23.182Z", "user": 1, "content_type": 10, "object_id": "37", "object_repr": "Apparel & Accessories", "action_flag": 2, "change_message": "[{\"changed\": {\"fields\": [\"Image\"]}}]"}}, {"model": "admin.logentry", "pk": 18, "fields": {"action_time": "2023-04-29T15:41:29.693Z", "user": 1, "content_type": 10, "object_id": "36", "object_repr": "Bathing & Skin Care", "action_flag": 2, "change_message": "[{\"changed\": {\"fields\": [\"Image\"]}}]"}}, {"model": "admin.logentry", "pk": 19, "fields": {"action_time": "2023-04-29T15:41:42.926Z", "user": 1, "content_type": 10, "object_id": "35", "object_repr": "Baby Gear", "action_flag": 2, "change_message": "[{\"changed\": {\"fields\": [\"Name\"]}}]"}}, {"model": "admin.logentry", "pk": 20, "fields": {"action_time": "2023-04-29T15:42:03.961Z", "user": 1, "content_type": 10, "object_id": "36", "object_repr": "Baby Bathing & Skin Care", "action_flag": 2, "change_message": "[{\"changed\": {\"fields\": [\"Name\"]}}]"}}, {"model": "admin.logentry", "pk": 21, "fields": {"action_time": "2023-04-29T15:42:41.053Z", "user": 1, "content_type": 10, "object_id": "35", "object_repr": "Baby Gear", "action_flag": 2, "change_message": "[{\"changed\": {\"fields\": [\"Image\"]}}]"}}, {"model": "admin.logentry", "pk": 22, "fields": {"action_time": "2023-04-29T15:43:12.152Z", "user": 1, "content_type": 10, "object_id": "34", "object_repr": "Diapering", "action_flag": 2, "change_message": "[{\"changed\": {\"fields\": [\"Image\"]}}]"}}, {"model": "admin.logentry", "pk": 23, "fields": {"action_time": "2023-04-29T15:54:54.252Z", "user": 1, "content_type": 10, "object_id": "33", "object_repr": "Xbox", "action_flag": 2, "change_message": "[{\"changed\": {\"fields\": [\"Image\"]}}]"}}, {"model": "admin.logentry", "pk": 24, "fields": {"action_time": "2023-04-29T15:56:51.149Z", "user": 1, "content_type": 10, "object_id": "32", "object_repr": "Nintendo", "action_flag": 2, "change_message": "[{\"changed\": {\"fields\": [\"Image\"]}}]"}}, {"model": "admin.logentry", "pk": 25, "fields": {"action_time": "2023-04-29T15:58:34.988Z", "user": 1, "content_type": 10, "object_id": "30", "object_repr": "Playstation", "action_flag": 2, "change_message": "[{\"changed\": {\"fields\": [\"Image\"]}}]"}}, {"model": "admin.logentry", "pk": 26, "fields": {"action_time": "2023-04-29T16:00:01.845Z", "user": 1, "content_type": 10, "object_id": "29", "object_repr": "Kids' Fashion", "action_flag": 2, "change_message": "[{\"changed\": {\"fields\": [\"Image\"]}}]"}}, {"model": "admin.logentry", "pk": 27, "fields": {"action_time": "2023-04-29T16:01:26.284Z", "user": 1, "content_type": 10, "object_id": "28", "object_repr": "Men's Fashion", "action_flag": 2, "change_message": "[{\"changed\": {\"fields\": [\"Image\"]}}]"}}, {"model": "admin.logentry", "pk": 28, "fields": {"action_time": "2023-04-29T16:03:04.087Z", "user": 1, "content_type": 10, "object_id": "27", "object_repr": "Women's Fashion", "action_flag": 2, "change_message": "[{\"changed\": {\"fields\": [\"Image\"]}}]"}}, {"model": "admin.logentry", "pk": 29, "fields": {"action_time": "2023-04-29T16:04:47.305Z", "user": 1, "content_type": 10, "object_id": "25", "object_repr": "TV & Audio Accessories & Supplies", "action_flag": 2, "change_message": "[{\"changed\": {\"fields\": [\"Name\"]}}]"}}, {"model": "admin.logentry", "pk": 30, "fields": {"action_time": "2023-04-29T16:05:48.379Z", "user": 1, "content_type": 10, "object_id": "25", "object_repr": "TV & Audio Accessories & Supplies", "action_flag": 2, "change_message": "[{\"changed\": {\"fields\": [\"Slug\", \"Image\"]}}]"}}, {"model": "admin.logentry", "pk": 31, "fields": {"action_time": "2023-04-29T16:07:51.460Z", "user": 1, "content_type": 10, "object_id": "25", "object_repr": "TV & Audio Accessories-Supplies", "action_flag": 2, "change_message": "[{\"changed\": {\"fields\": [\"Name\"]}}]"}}, {"model": "admin.logentry", "pk": 32, "fields": {"action_time": "2023-04-29T16:09:00.060Z", "user": 1, "content_type": 10, "object_id": "24", "object_repr": "Home Audio", "action_flag": 2, "change_message": "[{\"changed\": {\"fields\": [\"Image\"]}}]"}}, {"model": "admin.logentry", "pk": 33, "fields": {"action_time": "2023-04-29T16:09:52.055Z", "user": 1, "content_type": 10, "object_id": "23", "object_repr": "Televisions", "action_flag": 2, "change_message": "[{\"changed\": {\"fields\": [\"Image\"]}}]"}}, {"model": "admin.logentry", "pk": 34, "fields": {"action_time": "2023-04-29T16:11:14.016Z", "user": 1, "content_type": 10, "object_id": "24", "object_repr": "Home Audio", "action_flag": 2, "change_message": "[{\"changed\": {\"fields\": [\"Image\"]}}]"}}, {"model": "admin.logentry", "pk": 35, "fields": {"action_time": "2023-04-29T16:12:24.664Z", "user": 1, "content_type": 10, "object_id": "21", "object_repr": "Computer Components", "action_flag": 2, "change_message": "[{\"changed\": {\"fields\": [\"Image\"]}}]"}}, {"model": "admin.logentry", "pk": 36, "fields": {"action_time": "2023-04-29T16:14:18.511Z", "user": 1, "content_type": 10, "object_id": "20", "object_repr": "Computer & Data Storage", "action_flag": 2, "change_message": "[{\"changed\": {\"fields\": [\"Image\"]}}]"}}, {"model": "admin.logentry", "pk": 37, "fields": {"action_time": "2023-04-29T16:15:15.197Z", "user": 1, "content_type": 10, "object_id": "19", "object_repr": "Computer & Accessories", "action_flag": 2, "change_message": "[{\"changed\": {\"fields\": [\"Image\"]}}]"}}, {"model": "admin.logentry", "pk": 38, "fields": {"action_time": "2023-04-29T16:18:42.698Z", "user": 1, "content_type": 10, "object_id": "16", "object_repr": "Tablets", "action_flag": 2, "change_message": "[{\"changed\": {\"fields\": [\"Image\"]}}]"}}, {"model": "admin.logentry", "pk": 39, "fields": {"action_time": "2023-04-29T16:20:17.836Z", "user": 1, "content_type": 10, "object_id": "15", "object_repr": "Phone Accessories", "action_flag": 2, "change_message": "[{\"changed\": {\"fields\": [\"Name\", \"Image\"]}}]"}}, {"model": "admin.logentry", "pk": 40, "fields": {"action_time": "2023-04-29T16:21:08.064Z", "user": 1, "content_type": 10, "object_id": "14", "object_repr": "Mobile Phone", "action_flag": 2, "change_message": "[{\"changed\": {\"fields\": [\"Image\"]}}]"}}, {"model": "admin.logentry", "pk": 41, "fields": {"action_time": "2023-04-29T16:22:19.310Z", "user": 1, "content_type": 10, "object_id": "15", "object_repr": "Accessories", "action_flag": 2, "change_message": "[{\"changed\": {\"fields\": [\"Name\"]}}]"}}, {"model": "admin.logentry", "pk": 42, "fields": {"action_time": "2023-04-29T16:25:12.824Z", "user": 1, "content_type": 10, "object_id": "14", "object_repr": "Mobile Phone", "action_flag": 2, "change_message": "[{\"changed\": {\"fields\": [\"Image\"]}}]"}}, {"model": "admin.logentry", "pk": 43, "fields": {"action_time": "2023-04-29T16:27:19.792Z", "user": 1, "content_type": 10, "object_id": "14", "object_repr": "Mobile Phone", "action_flag": 2, "change_message": "[{\"changed\": {\"fields\": [\"Image\"]}}]"}}, {"model": "admin.logentry", "pk": 44, "fields": {"action_time": "2023-04-29T16:30:55.708Z", "user": 1, "content_type": 10, "object_id": "13", "object_repr": "Cooking Appliances", "action_flag": 2, "change_message": "[{\"changed\": {\"fields\": [\"Image\"]}}]"}}, {"model": "admin.logentry", "pk": 45, "fields": {"action_time": "2023-04-29T16:32:38.149Z", "user": 1, "content_type": 10, "object_id": "12", "object_repr": "Small Appliances", "action_flag": 2, "change_message": "[{\"changed\": {\"fields\": [\"Image\"]}}]"}}, {"model": "admin.logentry", "pk": 46, "fields": {"action_time": "2023-04-29T16:37:04.567Z", "user": 1, "content_type": 10, "object_id": "11", "object_repr": "Large Appliances", "action_flag": 2, "change_message": "[{\"changed\": {\"fields\": [\"Image\"]}}]"}}, {"model": "admin.logentry", "pk": 47, "fields": {"action_time": "2023-04-29T16:40:56.815Z", "user": 1, "content_type": 10, "object_id": "10", "object_repr": "Kitchen", "action_flag": 2, "change_message": "[{\"changed\": {\"fields\": [\"Image\"]}}]"}}, {"model": "admin.logentry", "pk": 48, "fields": {"action_time": "2023-04-29T16:44:19.373Z", "user": 1, "content_type": 10, "object_id": "10", "object_repr": "Kitchen", "action_flag": 2, "change_message": "[{\"changed\": {\"fields\": [\"Image\"]}}]"}}, {"model": "admin.logentry", "pk": 49, "fields": {"action_time": "2023-04-29T16:45:07.229Z", "user": 1, "content_type": 10, "object_id": "9", "object_repr": "Office", "action_flag": 2, "change_message": "[{\"changed\": {\"fields\": [\"Image\"]}}]"}}, {"model": "admin.logentry", "pk": 50, "fields": {"action_time": "2023-04-29T16:47:09.757Z", "user": 1, "content_type": 10, "object_id": "9", "object_repr": "Office", "action_flag": 2, "change_message": "[{\"changed\": {\"fields\": [\"Image\"]}}]"}}, {"model": "admin.logentry", "pk": 51, "fields": {"action_time": "2023-04-29T17:00:05.939Z", "user": 1, "content_type": 10, "object_id": "8", "object_repr": "Home", "action_flag": 2, "change_message": "[{\"changed\": {\"fields\": [\"Image\"]}}]"}}, {"model": "admin.logentry", "pk": 52, "fields": {"action_time": "2023-04-29T17:02:47.167Z", "user": 1, "content_type": 10, "object_id": "8", "object_repr": "Home", "action_flag": 2, "change_message": "[{\"changed\": {\"fields\": [\"Image\"]}}]"}}, {"model": "admin.logentry", "pk": 53, "fields": {"action_time": "2023-04-29T17:03:52.910Z", "user": 1, "content_type": 10, "object_id": "7", "object_repr": "Luxury Beauty", "action_flag": 2, "change_message": "[{\"changed\": {\"fields\": [\"Image\"]}}]"}}, {"model": "admin.logentry", "pk": 54, "fields": {"action_time": "2023-04-29T17:05:08.966Z", "user": 1, "content_type": 10, "object_id": "6", "object_repr": "Make Up", "action_flag": 2, "change_message": "[{\"changed\": {\"fields\": [\"Image\"]}}]"}}, {"model": "admin.logentry", "pk": 55, "fields": {"action_time": "2023-04-29T17:06:08.548Z", "user": 1, "content_type": 10, "object_id": "5", "object_repr": "Personal Care", "action_flag": 2, "change_message": "[{\"changed\": {\"fields\": [\"Image\"]}}]"}}, {"model": "admin.logentry", "pk": 56, "fields": {"action_time": "2023-04-29T17:07:05.417Z", "user": 1, "content_type": 10, "object_id": "4", "object_repr": "Oral Care", "action_flag": 2, "change_message": "[{\"changed\": {\"fields\": [\"Image\"]}}]"}}, {"model": "admin.logentry", "pk": 57, "fields": {"action_time": "2023-04-29T17:11:33.733Z", "user": 1, "content_type": 10, "object_id": "4", "object_repr": "Oral Care", "action_flag": 2, "change_message": "[{\"changed\": {\"fields\": [\"Image\"]}}]"}}, {"model": "admin.logentry", "pk": 58, "fields": {"action_time": "2023-04-29T17:13:26.351Z", "user": 1, "content_type": 10, "object_id": "3", "object_repr": "Men's Grooming", "action_flag": 2, "change_message": "[{\"changed\": {\"fields\": [\"Image\"]}}]"}}, {"model": "admin.logentry", "pk": 59, "fields": {"action_time": "2023-04-29T17:14:45.252Z", "user": 1, "content_type": 10, "object_id": "2", "object_repr": "Hair Care", "action_flag": 2, "change_message": "[{\"changed\": {\"fields\": [\"Image\"]}}]"}}, {"model": "admin.logentry", "pk": 60, "fields": {"action_time": "2023-04-29T17:16:01.338Z", "user": 1, "content_type": 10, "object_id": "1", "object_repr": "Skin Care", "action_flag": 2, "change_message": "[{\"changed\": {\"fields\": [\"Image\"]}}]"}}, {"model": "admin.logentry", "pk": 61, "fields": {"action_time": "2023-05-06T11:50:16.995Z", "user": 1, "content_type": 7, "object_id": "1", "object_repr": "Health & Beauty", "action_flag": 2, "change_message": "[{\"changed\": {\"fields\": [\"Name\"]}}]"}}, {"model": "admin.logentry", "pk": 62, "fields": {"action_time": "2023-05-07T20:28:18.724Z", "user": 1, "content_type": 9, "object_id": "2", "object_repr": "iPhone 11 Pro 256 GB Memory", "action_flag": 2, "change_message": "[{\"changed\": {\"fields\": [\"User\", \"Rating\"]}}]"}}, {"model": "admin.logentry", "pk": 63, "fields": {"action_time": "2023-05-07T20:29:26.045Z", "user": 1, "content_type": 9, "object_id": "2", "object_repr": "iPhone 11 Pro 256 GB Memory", "action_flag": 2, "change_message": "[{\"changed\": {\"fields\": [\"Rating\"]}}]"}}, {"model": "admin.logentry", "pk": 64, "fields": {"action_time": "2023-05-08T14:40:40.348Z", "user": 1, "content_type": 9, "object_id": "2", "object_repr": "iPhone 11 Pro 256 GB Memory", "action_flag": 2, "change_message": "[{\"changed\": {\"fields\": [\"Rating\"]}}]"}}, {"model": "admin.logentry", "pk": 65, "fields": {"action_time": "2023-05-08T14:47:44.763Z", "user": 1, "content_type": 9, "object_id": "2", "object_repr": "iPhone 11 Pro 256 GB Memory", "action_flag": 2, "change_message": "[{\"changed\": {\"fields\": [\"CountInStock\"]}}]"}}, {"model": "admin.logentry", "pk": 66, "fields": {"action_time": "2023-05-08T14:48:13.684Z", "user": 1, "content_type": 9, "object_id": "2", "object_repr": "iPhone 11 Pro 256 GB Memory", "action_flag": 2, "change_message": "[{\"changed\": {\"fields\": [\"CountInStock\"]}}]"}}, {"model": "admin.logentry", "pk": 67, "fields": {"action_time": "2023-05-08T14:48:23.926Z", "user": 1, "content_type": 9, "object_id": "2", "object_repr": "iPhone 11 Pro 256 GB Memory", "action_flag": 2, "change_message": "[{\"changed\": {\"fields\": [\"CountInStock\"]}}]"}}, {"model": "admin.logentry", "pk": 68, "fields": {"action_time": "2023-05-08T14:48:59.785Z", "user": 1, "content_type": 9, "object_id": "2", "object_repr": "iPhone 11 Pro 256 GB Memory", "action_flag": 2, "change_message": "[{\"changed\": {\"fields\": [\"CountInStock\"]}}]"}}, {"model": "admin.logentry", "pk": 69, "fields": {"action_time": "2023-05-08T20:15:38.785Z", "user": 1, "content_type": 9, "object_id": "2", "object_repr": "iPhone 11 Pro 256 GB Memory", "action_flag": 2, "change_message": "[{\"changed\": {\"fields\": [\"NumReviews\"]}}]"}}, {"model": "admin.logentry", "pk": 70, "fields": {"action_time": "2023-05-08T20:18:59.994Z", "user": 1, "content_type": 9, "object_id": "2", "object_repr": "iPhone 11 Pro 256 GB Memory", "action_flag": 2, "change_message": "[{\"changed\": {\"fields\": [\"NumReviews\"]}}]"}}, {"model": "admin.logentry", "pk": 71, "fields": {"action_time": "2023-05-08T20:19:29.717Z", "user": 1, "content_type": 9, "object_id": "2", "object_repr": "iPhone 11 Pro 256 GB Memory", "action_flag": 2, "change_message": "[{\"changed\": {\"fields\": [\"NumReviews\"]}}]"}}, {"model": "admin.logentry", "pk": 72, "fields": {"action_time": "2023-05-08T20:20:04.947Z", "user": 1, "content_type": 9, "object_id": "2", "object_repr": "iPhone 11 Pro 256 GB Memory", "action_flag": 2, "change_message": "[{\"changed\": {\"fields\": [\"NumReviews\"]}}]"}}, {"model": "auth.permission", "pk": 1, "fields": {"name": "Can add log entry", "content_type": 1, "codename": "add_logentry"}}, {"model": "auth.permission", "pk": 2, "fields": {"name": "Can change log entry", "content_type": 1, "codename": "change_logentry"}}, {"model": "auth.permission", "pk": 3, "fields": {"name": "Can delete log entry", "content_type": 1, "codename": "delete_logentry"}}, {"model": "auth.permission", "pk": 4, "fields": {"name": "Can view log entry", "content_type": 1, "codename": "view_logentry"}}, {"model": "auth.permission", "pk": 5, "fields": {"name": "Can add permission", "content_type": 2, "codename": "add_permission"}}, {"model": "auth.permission", "pk": 6, "fields": {"name": "Can change permission", "content_type": 2, "codename": "change_permission"}}, {"model": "auth.permission", "pk": 7, "fields": {"name": "Can delete permission", "content_type": 2, "codename": "delete_permission"}}, {"model": "auth.permission", "pk": 8, "fields": {"name": "Can view permission", "content_type": 2, "codename": "view_permission"}}, {"model": "auth.permission", "pk": 9, "fields": {"name": "Can add group", "content_type": 3, "codename": "add_group"}}, {"model": "auth.permission", "pk": 10, "fields": {"name": "Can change group", "content_type": 3, "codename": "change_group"}}, {"model": "auth.permission", "pk": 11, "fields": {"name": "Can delete group", "content_type": 3, "codename": "delete_group"}}, {"model": "auth.permission", "pk": 12, "fields": {"name": "Can view group", "content_type": 3, "codename": "view_group"}}, {"model": "auth.permission", "pk": 13, "fields": {"name": "Can add user", "content_type": 4, "codename": "add_user"}}, {"model": "auth.permission", "pk": 14, "fields": {"name": "Can change user", "content_type": 4, "codename": "change_user"}}, {"model": "auth.permission", "pk": 15, "fields": {"name": "Can delete user", "content_type": 4, "codename": "delete_user"}}, {"model": "auth.permission", "pk": 16, "fields": {"name": "Can view user", "content_type": 4, "codename": "view_user"}}, {"model": "auth.permission", "pk": 17, "fields": {"name": "Can add content type", "content_type": 5, "codename": "add_contenttype"}}, {"model": "auth.permission", "pk": 18, "fields": {"name": "Can change content type", "content_type": 5, "codename": "change_contenttype"}}, {"model": "auth.permission", "pk": 19, "fields": {"name": "Can delete content type", "content_type": 5, "codename": "delete_contenttype"}}, {"model": "auth.permission", "pk": 20, "fields": {"name": "Can view content type", "content_type": 5, "codename": "view_contenttype"}}, {"model": "auth.permission", "pk": 21, "fields": {"name": "Can add session", "content_type": 6, "codename": "add_session"}}, {"model": "auth.permission", "pk": 22, "fields": {"name": "Can change session", "content_type": 6, "codename": "change_session"}}, {"model": "auth.permission", "pk": 23, "fields": {"name": "Can delete session", "content_type": 6, "codename": "delete_session"}}, {"model": "auth.permission", "pk": 24, "fields": {"name": "Can view session", "content_type": 6, "codename": "view_session"}}, {"model": "auth.permission", "pk": 25, "fields": {"name": "Can add category", "content_type": 7, "codename": "add_category"}}, {"model": "auth.permission", "pk": 26, "fields": {"name": "Can change category", "content_type": 7, "codename": "change_category"}}, {"model": "auth.permission", "pk": 27, "fields": {"name": "Can delete category", "content_type": 7, "codename": "delete_category"}}, {"model": "auth.permission", "pk": 28, "fields": {"name": "Can view category", "content_type": 7, "codename": "view_category"}}, {"model": "auth.permission", "pk": 29, "fields": {"name": "Can add order", "content_type": 8, "codename": "add_order"}}, {"model": "auth.permission", "pk": 30, "fields": {"name": "Can change order", "content_type": 8, "codename": "change_order"}}, {"model": "auth.permission", "pk": 31, "fields": {"name": "Can delete order", "content_type": 8, "codename": "delete_order"}}, {"model": "auth.permission", "pk": 32, "fields": {"name": "Can view order", "content_type": 8, "codename": "view_order"}}, {"model": "auth.permission", "pk": 33, "fields": {"name": "Can add product", "content_type": 9, "codename": "add_product"}}, {"model": "auth.permission", "pk": 34, "fields": {"name": "Can change product", "content_type": 9, "codename": "change_product"}}, {"model": "auth.permission", "pk": 35, "fields": {"name": "Can delete product", "content_type": 9, "codename": "delete_product"}}, {"model": "auth.permission", "pk": 36, "fields": {"name": "Can view product", "content_type": 9, "codename": "view_product"}}, {"model": "auth.permission", "pk": 37, "fields": {"name": "Can add sub category", "content_type": 10, "codename": "add_subcategory"}}, {"model": "auth.permission", "pk": 38, "fields": {"name": "Can change sub category", "content_type": 10, "codename": "change_subcategory"}}, {"model": "auth.permission", "pk": 39, "fields": {"name": "Can delete sub category", "content_type": 10, "codename": "delete_subcategory"}}, {"model": "auth.permission", "pk": 40, "fields": {"name": "Can view sub category", "content_type": 10, "codename": "view_subcategory"}}, {"model": "auth.permission", "pk": 41, "fields": {"name": "Can add shipping address", "content_type": 11, "codename": "add_shippingaddress"}}, {"model": "auth.permission", "pk": 42, "fields": {"name": "Can change shipping address", "content_type": 11, "codename": "change_shippingaddress"}}, {"model": "auth.permission", "pk": 43, "fields": {"name": "Can delete shipping address", "content_type": 11, "codename": "delete_shippingaddress"}}, {"model": "auth.permission", "pk": 44, "fields": {"name": "Can view shipping address", "content_type": 11, "codename": "view_shippingaddress"}}, {"model": "auth.permission", "pk": 45, "fields": {"name": "Can add review", "content_type": 12, "codename": "add_review"}}, {"model": "auth.permission", "pk": 46, "fields": {"name": "Can change review", "content_type": 12, "codename": "change_review"}}, {"model": "auth.permission", "pk": 47, "fields": {"name": "Can delete review", "content_type": 12, "codename": "delete_review"}}, {"model": "auth.permission", "pk": 48, "fields": {"name": "Can view review", "content_type": 12, "codename": "view_review"}}, {"model": "auth.permission", "pk": 49, "fields": {"name": "Can add order item", "content_type": 13, "codename": "add_orderitem"}}, {"model": "auth.permission", "pk": 50, "fields": {"name": "Can change order item", "content_type": 13, "codename": "change_orderitem"}}, {"model": "auth.permission", "pk": 51, "fields": {"name": "Can delete order item", "content_type": 13, "codename": "delete_orderitem"}}, {"model": "auth.permission", "pk": 52, "fields": {"name": "Can view order item", "content_type": 13, "codename": "view_orderitem"}}, {"model": "auth.user", "pk": 1, "fields": {"password": "pbkdf2_sha256$320000$MRXZ1dkfjkAGk9IZyPttAl$LWaSIcgCqtHdJMZmR/BuJXXcgk0p2XW2hk6Fm3ivcnU=", "last_login": "2023-05-06T11:50:07.196Z", "is_superuser": true, "username": "justice@email.com", "first_name": "Justice Nyaga", "last_name": "", "email": "justice@email.com", "is_staff": true, "is_active": true, "date_joined": "2023-04-29T09:57:47Z", "groups": [], "user_permissions": []}}, {"model": "auth.user", "pk": 2, "fields": {"password": "pbkdf2_sha256$320000$o1IPbpxummuH1QBUpEoR30$rLr5ZxUgCl4xkNT+tNDpiQ/xOvTqFkEa3e7brI0aJlQ=", "last_login": null, "is_superuser": false, "username": "johndoe@email.com", "first_name": "John Doe", "last_name": "", "email": "johndoe@email.com", "is_staff": false, "is_active": true, "date_joined": "2023-05-08T15:08:14.628Z", "groups": [], "user_permissions": []}}, {"model": "auth.user", "pk": 3, "fields": {"password": "pbkdf2_sha256$320000$1KvgfOXUmC0vgyx18lc03o$4cIsmUSeH7GrkKgYaGZxTEu0udZxdnPsprqOFoyQnXw=", "last_login": null, "is_superuser": false, "username": "mary@email.com", "first_name": "Mary", "last_name": "", "email": "mary@email.com", "is_staff": false, "is_active": true, "date_joined": "2023-05-08T15:15:17.261Z", "groups": [], "user_permissions": []}}, {"model": "auth.user", "pk": 4, "fields": {"password": "pbkdf2_sha256$320000$usU0AmYba0Rrnd3Tp9bRXQ$R0GizhOGcFccL4IiZz8WuHd70gLvl8CE0LyB+1B6Auw=", "last_login": null, "is_superuser": false, "username": "jane@email.com", "first_name": "Jane Doe", "last_name": "", "email": "jane@email.com", "is_staff": false, "is_active": true, "date_joined": "2023-05-08T15:24:37.456Z", "groups": [], "user_permissions": []}}, {"model": "auth.user", "pk": 5, "fields": {"password": "pbkdf2_sha256$320000$64DdgsFtucDsJYXouyLhEp$iXw7YdyXAtLkJxfgbDwBRugZkoFSKSYF01zn4VBWzxY=", "last_login": null, "is_superuser": false, "username": "victor@email.com", "first_name": "Victor", "last_name": "", "email": "victor@email.com", "is_staff": false, "is_active": true, "date_joined": "2023-05-08T15:30:47.246Z", "groups": [], "user_permissions": []}}, {"model": "contenttypes.contenttype", "pk": 1, "fields": {"app_label": "admin", "model": "logentry"}}, {"model": "contenttypes.contenttype", "pk": 2, "fields": {"app_label": "auth", "model": "permission"}}, {"model": "contenttypes.contenttype", "pk": 3, "fields": {"app_label": "auth", "model": "group"}}, {"model": "contenttypes.contenttype", "pk": 4, "fields": {"app_label": "auth", "model": "user"}}, {"model": "contenttypes.contenttype", "pk": 5, "fields": {"app_label": "contenttypes", "model": "contenttype"}}, {"model": "contenttypes.contenttype", "pk": 6, "fields": {"app_label": "sessions", "model": "session"}}, {"model": "contenttypes.contenttype", "pk": 7, "fields": {"app_label": "base", "model": "category"}}, {"model": "contenttypes.contenttype", "pk": 8, "fields": {"app_label": "base", "model": "order"}}, {"model": "contenttypes.contenttype", "pk": 9, "fields": {"app_label": "base", "model": "product"}}, {"model": "contenttypes.contenttype", "pk": 10, "fields": {"app_label": "base", "model": "subcategory"}}, {"model": "contenttypes.contenttype", "pk": 11, "fields": {"app_label": "base", "model": "shippingaddress"}}, {"model": "contenttypes.contenttype", "pk": 12, "fields": {"app_label": "base", "model": "review"}}, {"model": "contenttypes.contenttype", "pk": 13, "fields": {"app_label": "base", "model": "orderitem"}}, {"model": "sessions.session", "pk": "aqjzgkmkn2mdbeihwslzsynpomkj1f6f", "fields": {"session_data": ".eJxVjEEOgjAQRe_StWloh2mpS_eeoRlmBosaSCisjHdXEha6_e-9_zKZtrXkreqSRzFn48zpd-uJHzrtQO403WbL87QuY293xR602uss-rwc7t9BoVq-dXCCPUZs2xDFcfBI6BmUIkTXDYPz2nQJOSWVAIwCMFATg0qDERDM-wPF5Tcf:1pshL3:UjLs3wUaWBxOluaGGoKfigAuHbIrRbj06r_RqnbfvwQ", "expire_date": "2023-05-13T09:57:57.030Z"}}, {"model": "sessions.session", "pk": "c4510una53m148q3wqcddhbz2h5h7lma", "fields": {"session_data": ".eJxVjEEOgjAQRe_StWloh2mpS_eeoRlmBosaSCisjHdXEha6_e-9_zKZtrXkreqSRzFn48zpd-uJHzrtQO403WbL87QuY293xR602uss-rwc7t9BoVq-dXCCPUZs2xDFcfBI6BmUIkTXDYPz2nQJOSWVAIwCMFATg0qDERDM-wPF5Tcf:1pvGQR:SX7SN7_bQLFxXFFPiL-m7bjuO8HQtkSQzUBFrvm49Fs", "expire_date": "2023-05-20T11:50:07.266Z"}}, {"model": "base.category", "pk": 1, "fields": {"name": "Health & Beauty", "slug": "health-beauty"}}, {"model": "base.category", "pk": 2, "fields": {"name": "Home & Office", "slug": "home-office"}}, {"model": "base.category", "pk": 3, "fields": {"name": "Appliances", "slug": "appliances"}}, {"model": "base.category", "pk": 4, "fields": {"name": "Phones & Tablets", "slug": "phones-tablets"}}, {"model": "base.category", "pk": 5, "fields": {"name": "Computing", "slug": "computing"}}, {"model": "base.category", "pk": 6, "fields": {"name": "TVs & Audios", "slug": "tvs-audios"}}, {"model": "base.category", "pk": 7, "fields": {"name": "Fashion", "slug": "fashion"}}, {"model": "base.category", "pk": 8, "fields": {"name": "Gaming", "slug": "gaming"}}, {"model": "base.category", "pk": 9, "fields": {"name": "Baby Products", "slug": "baby-products"}}, {"model": "base.category", "pk": 10, "fields": {"name": "Sporting Goods", "slug": "sporting"}}, {"model": "base.subcategory", "pk": 1, "fields": {"category": 1, "name": "Skin Care", "slug": "skin-care", "image": "skin.webp"}}, {"model": "base.subcategory", "pk": 2, "fields": {"category": 1, "name": "Hair Care", "slug": "hair-care", "image": "hair-care.jpg"}}, {"model": "base.subcategory", "pk": 3, "fields": {"category": 1, "name": "Men's Grooming", "slug": "men-grooming", "image": "men-grooming.jpg"}}, {"model": "base.subcategory", "pk": 4, "fields": {"category": 1, "name": "Oral Care", "slug": "oral-care", "image": "oral-care.webp"}}, {"model": "base.subcategory", "pk": 5, "fields": {"category": 1, "name": "Personal Care", "slug": "personal-care", "image": "personal-care.webp"}}, {"model": "base.subcategory", "pk": 6, "fields": {"category": 1, "name": "Make Up", "slug": "make-up", "image": "make-up.jpg"}}, {"model": "base.subcategory", "pk": 7, "fields": {"category": 1, "name": "Luxury Beauty", "slug": "luxury-beauty", "image": "luxury.webp"}}, {"model": "base.subcategory", "pk": 8, "fields": {"category": 2, "name": "Home", "slug": "home", "image": "home.webp"}}, {"model": "base.subcategory", "pk": 9, "fields": {"category": 2, "name": "Office", "slug": "office", "image": "office-g.png"}}, {"model": "base.subcategory", "pk": 10, "fields": {"category": 2, "name": "Kitchen", "slug": "kitchen", "image": "kitchen-m.jpg"}}, {"model": "base.subcategory", "pk": 11, "fields": {"category": 3, "name": "Large Appliances", "slug": "large-appliances", "image": "large.png"}}, {"model": "base.subcategory", "pk": 12, "fields": {"category": 3, "name": "Small Appliances", "slug": "small-appliances", "image": "small.png"}}, {"model": "base.subcategory", "pk": 13, "fields": {"category": 3, "name": "Cooking Appliances", "slug": "cooking-appliances", "image": "cooking-appliances.jpg"}}, {"model": "base.subcategory", "pk": 14, "fields": {"category": 4, "name": "Mobile Phone", "slug": "phones", "image": "mobile-phones.jpg"}}, {"model": "base.subcategory", "pk": 15, "fields": {"category": 4, "name": "Accessories", "slug": "accessories", "image": "phone-accessories.jpg"}}, {"model": "base.subcategory", "pk": 16, "fields": {"category": 4, "name": "Tablets", "slug": "tablets", "image": "tablets.jpg"}}, {"model": "base.subcategory", "pk": 18, "fields": {"category": 5, "name": "Laptops", "slug": "laptops", "image": "laptops.jpg"}}, {"model": "base.subcategory", "pk": 19, "fields": {"category": 5, "name": "Computer & Accessories", "slug": "computer-accessories", "image": "comp-accessories.jpg"}}, {"model": "base.subcategory", "pk": 20, "fields": {"category": 5, "name": "Computer & Data Storage", "slug": "computer-data-storage", "image": "ssd.jpg"}}, {"model": "base.subcategory", "pk": 21, "fields": {"category": 5, "name": "Computer Components", "slug": "computer-components", "image": "comp-components.jpg"}}, {"model": "base.subcategory", "pk": 23, "fields": {"category": 6, "name": "Televisions", "slug": "tvs", "image": "televisions.jpg"}}, {"model": "base.subcategory", "pk": 24, "fields": {"category": 6, "name": "Home Audio", "slug": "home-audio", "image": "home-audio.jpg"}}, {"model": "base.subcategory", "pk": 25, "fields": {"category": 6, "name": "TV & Audio Accessories-Supplies", "slug": "tv-audio-accessories-supplies", "image": "acc-supplies.jpg"}}, {"model": "base.subcategory", "pk": 27, "fields": {"category": 7, "name": "Women's Fashion", "slug": "women-fashion", "image": "women-fashion.jpg"}}, {"model": "base.subcategory", "pk": 28, "fields": {"category": 7, "name": "Men's Fashion", "slug": "men-fashion", "image": "men-fashion.jpg"}}, {"model": "base.subcategory", "pk": 29, "fields": {"category": 7, "name": "Kids' Fashion", "slug": "kids-fashion", "image": "kids-fashion.jpg"}}, {"model": "base.subcategory", "pk": 30, "fields": {"category": 8, "name": "Playstation", "slug": "playstation", "image": "ps.jpg"}}, {"model": "base.subcategory", "pk": 31, "fields": {"category": 8, "name": "Digital Games", "slug": "games", "image": "games.jpg"}}, {"model": "base.subcategory", "pk": 32, "fields": {"category": 8, "name": "Nintendo", "slug": "nintendo", "image": "nintendo.jpg"}}, {"model": "base.subcategory", "pk": 33, "fields": {"category": 8, "name": "Xbox", "slug": "xbox", "image": "xbox.jpg"}}, {"model": "base.subcategory", "pk": 34, "fields": {"category": 9, "name": "Diapering", "slug": "diapering", "image": "baby-diapering.jpg"}}, {"model": "base.subcategory", "pk": 35, "fields": {"category": 9, "name": "Baby Gear", "slug": "gear", "image": "baby-gear.jpeg"}}, {"model": "base.subcategory", "pk": 36, "fields": {"category": 9, "name": "Baby Bathing & Skin Care", "slug": "bathing-skin-care", "image": "baby-bathing.jpg"}}, {"model": "base.subcategory", "pk": 37, "fields": {"category": 9, "name": "Apparel & Accessories", "slug": "apparel-accessories", "image": "apparel.jpg"}}, {"model": "base.subcategory", "pk": 38, "fields": {"category": 9, "name": "Baby & Toddler Toys", "slug": "baby-toddler-toys", "image": "toys.jpg"}}, {"model": "base.subcategory", "pk": 39, "fields": {"category": 9, "name": "Baby Feeding", "slug": "feeding", "image": "baby-feeding.jpg"}}, {"model": "base.subcategory", "pk": 40, "fields": {"category": 9, "name": "Baby Safety", "slug": "baby-safety", "image": "baby-safety.jpg"}}, {"model": "base.subcategory", "pk": 41, "fields": {"category": 9, "name": "Potty Training", "slug": "potty-training", "image": "potty-training.jpg"}}, {"model": "base.subcategory", "pk": 42, "fields": {"category": 9, "name": "Health & Baby Care", "slug": "health-baby-care", "image": "health-baby-care.jpg"}}, {"model": "base.subcategory", "pk": 43, "fields": {"category": 10, "name": "Sport & Fitness", "slug": "sport-fitness", "image": "sport-fitness.jpg"}}, {"model": "base.subcategory", "pk": 44, "fields": {"category": 10, "name": "Sports Nutrition", "slug": "sports-nutrition", "image": "sport-nutrition.jpg"}}, {"model": "base.subcategory", "pk": 45, "fields": {"category": 10, "name": "Outdoor Recreation", "slug": "outdoor-recreation", "image": "outdoor.webp"}}, {"model": "base.subcategory", "pk": 47, "fields": {"category": 7, "name": "Shoes", "slug": "shoes", "image": "shoes.webp"}}, {"model": "base.subcategory", "pk": 48, "fields": {"category": 8, "name": "PC Gaming", "slug": "pc-gaming", "image": "pc-gaming.jpg"}}, {"model": "base.product", "pk": 1, "fields": {"user": null, "name": "Airpods Wireless Bluetooth Headphones", "image": "airpods.jpg", "brand": "Apple", "category": 15, "description": "Bluetooth technology lets you connect it with compatible devices wirelessly High-quality AAC audio offers immersive listening experience Built-in microphone allows you to take calls while working", "rating": "1.00", "numReviews": 1, "price": "89.99", "countInStock": 12, "createdAt": "2023-04-28T13:03:11.168Z", "clickCount": 5}}, {"model": "base.product", "pk": 2, "fields": {"user": 1, "name": "iPhone 11 Pro 256 GB Memory", "image": "phone.jpg", "brand": "Apple", "category": 14, "description": "Introducing the iPhone 11 Pro. A transformative triple-camera system that adds tons of capability without complexity. An unprecedented leap in battery life.", "rating": "3.40", "numReviews": 5, "price": "599.99", "countInStock": 15, "createdAt": "2023-04-28T15:22:29.702Z", "clickCount": 32}}, {"model": "base.product", "pk": 3, "fields": {"user": null, "name": "Cetaphil Gentle Skin Cleanser", "image": "gentle-skin-cleanser.jpg", "brand": "Cetaphil", "category": 1, "description": "Gentle daily cleanser for all skin types.", "rating": "0.00", "numReviews": 0, "price": "15.99", "countInStock": 50, "createdAt": "2023-04-28T19:33:10.211Z", "clickCount": 5}}, {"model": "base.product", "pk": 4, "fields": {"user": null, "name": "The Ordinary Niacinamide 10% + Zinc 1%", "image": "s2031391.webp", "brand": "The Ordinary", "category": 1, "description": "Serum for reducing blemishes and congestion.", "rating": "3.00", "numReviews": 1, "price": "9.99", "countInStock": 20, "createdAt": "2023-04-28T19:33:21.275Z", "clickCount": 1}}, {"model": "base.product", "pk": 5, "fields": {"user": null, "name": "Neutrogena Hydro Boost Water Gel", "image": "81gfhxhnF8L.jpg", "brand": "Neutrogena", "category": 1, "description": "Oil-free moisturizer for hydrated, supple skin.", "rating": "0.00", "numReviews": 0, "price": "19.99", "countInStock": 30, "createdAt": "2023-04-28T19:33:22.245Z", "clickCount": 2}}, {"model": "base.product", "pk": 6, "fields": {"user": null, "name": "La Roche-Posay Anthelios Mineral Sunscreen", "image": "Anthelios-Mineral-Sunscreen.jpg", "brand": "La Roche-Posay", "category": 1, "description": "Mineral sunscreen for sensitive skin.", "rating": "0.00", "numReviews": 0, "price": "22.50", "countInStock": 40, "createdAt": "2023-04-28T19:33:22.978Z", "clickCount": 3}}, {"model": "base.product", "pk": 7, "fields": {"user": null, "name": "Glossier Milky Jelly Cleanser", "image": "glossier-mjc.webp", "brand": "Glossier", "category": 1, "description": "Gentle, pH-balanced cleanser for all skin types.", "rating": "0.00", "numReviews": 0, "price": "18.00", "countInStock": 25, "createdAt": "2023-04-28T19:33:23.741Z", "clickCount": 0}}, {"model": "base.product", "pk": 8, "fields": {"user": null, "name": "L'Oreal Paris Revitalift Derm Intensives 1.5% Pure Hyaluronic Acid Serum", "image": "Revitalift-Derm-Intensives.webp", "brand": "L'Oreal Paris", "category": 1, "description": "Serum for plumping and hydrating skin.", "rating": "0.00", "numReviews": 0, "price": "29.99", "countInStock": 15, "createdAt": "2023-04-28T19:33:24.441Z", "clickCount": 2}}, {"model": "base.product", "pk": 9, "fields": {"user": null, "name": "Crest 3D White Luxe Glamorous White Toothpaste", "image": "27fc3c51037.jpg", "brand": "Crest", "category": 4, "description": "Whitens teeth by removing up to 90% of surface stains in 5 days.", "rating": "0.00", "numReviews": 0, "price": "5.99", "countInStock": 50, "createdAt": "2023-04-28T20:20:04.270Z", "clickCount": 0}}, {"model": "base.product", "pk": 10, "fields": {"user": null, "name": "Oral-B Vitality FlossAction Rechargeable Electric Toothbrush", "image": "djfjhdjh8.webp", "brand": "Oral-B", "category": 4, "description": "Features Micro Pulse Bristles to clean deep between teeth for superior plaque removal.", "rating": "0.00", "numReviews": 0, "price": "24.99", "countInStock": 25, "createdAt": "2023-04-28T20:20:05.148Z", "clickCount": 3}}, {"model": "base.product", "pk": 11, "fields": {"user": null, "name": "Listerine Freshburst Antiseptic Mouthwash", "image": "LISTERINE.png", "brand": "Listerine", "category": 4, "description": "Kills 99.9% of germs that cause bad breath, plaque and gingivitis.", "rating": "0.00", "numReviews": 0, "price": "5.97", "countInStock": 100, "createdAt": "2023-04-28T20:20:06.041Z", "clickCount": 0}}, {"model": "base.product", "pk": 12, "fields": {"user": null, "name": "Colgate Total Whitening Toothpaste", "image": "71qGb0USjPL.jpg", "brand": "Colgate", "category": 4, "description": "Fights bacteria on teeth, tongue, cheeks, and gums for a healthier mouth.", "rating": "0.00", "numReviews": 0, "price": "3.49", "countInStock": 75, "createdAt": "2023-04-28T20:20:06.824Z", "clickCount": 0}}, {"model": "base.product", "pk": 13, "fields": {"user": null, "name": "GUM Soft-Picks Original Dental Picks", "image": "070942002424.jpg", "brand": "GUM", "category": 4, "description": "Soft, flexible bristles slide between teeth to remove plaque and food particles.", "rating": "0.00", "numReviews": 0, "price": "7.18", "countInStock": 200, "createdAt": "2023-04-28T20:20:07.668Z", "clickCount": 0}}, {"model": "base.product", "pk": 14, "fields": {"user": null, "name": "Crest Scope Outlast Mouthwash", "image": "81nFD9uOxsL.jpg", "brand": "Crest", "category": 4, "description": "Keeps breath feeling fresh up to 5x longer than brushing alone.", "rating": "0.00", "numReviews": 0, "price": "3.97", "countInStock": 80, "createdAt": "2023-04-28T20:20:08.425Z", "clickCount": 0}}, {"model": "base.product", "pk": 15, "fields": {"user": null, "name": "Argan Oil Shampoo", "image": "B076Q7L95C_1024x.webp", "brand": "Maple Holistics", "category": 2, "description": "Nourishing shampoo with argan oil for healthy and shiny hair.", "rating": "0.00", "numReviews": 0, "price": "12.99", "countInStock": 50, "createdAt": "2023-04-28T20:30:17.293Z", "clickCount": 1}}, {"model": "base.product", "pk": 16, "fields": {"user": null, "name": "Keratin Hair Mask", "image": "skjddi3421.jpg", "brand": "Arvazallia", "category": 2, "description": "Deep conditioning hair mask with keratin for stronger and smoother hair.", "rating": "0.00", "numReviews": 0, "price": "18.99", "countInStock": 30, "createdAt": "2023-04-28T20:30:18.289Z", "clickCount": 0}}, {"model": "base.product", "pk": 17, "fields": {"user": null, "name": "Tea Tree Oil Conditioner", "image": "71HM3vra7L.jpg", "brand": "OGX", "category": 2, "description": "Refreshing conditioner with tea tree oil to soothe and moisturize the scalp.", "rating": "0.00", "numReviews": 0, "price": "9.99", "countInStock": 100, "createdAt": "2023-04-28T20:30:19.128Z", "clickCount": 1}}, {"model": "base.product", "pk": 18, "fields": {"user": null, "name": "Curl Defining Cream", "image": "cantu-coconut-curling.jpeg", "brand": "Cantu", "category": 2, "description": "Styling cream with shea butter for defined and bouncy curls.", "rating": "0.00", "numReviews": 0, "price": "14.99", "countInStock": 40, "createdAt": "2023-04-28T20:30:19.890Z", "clickCount": 1}}, {"model": "base.product", "pk": 19, "fields": {"user": null, "name": "Purple Shampoo", "image": "2569595.png", "brand": "Joico", "category": 2, "description": "Color-correcting shampoo with violet pigments to neutralize brassy tones in blonde hair.", "rating": "0.00", "numReviews": 0, "price": "10.99", "countInStock": 60, "createdAt": "2023-04-28T20:30:20.684Z", "clickCount": 0}}, {"model": "base.product", "pk": 20, "fields": {"user": null, "name": "Dry Shampoo", "image": "b159fce7-dec7.webp", "brand": "Batiste", "category": 2, "description": "Instantly refreshing dry shampoo to absorb oil and add volume to hair between washes.", "rating": "0.00", "numReviews": 0, "price": "7.99", "countInStock": 80, "createdAt": "2023-04-28T20:30:21.494Z", "clickCount": 0}}, {"model": "base.product", "pk": 21, "fields": {"user": null, "name": "Beard Oil", "image": "82518382.webp", "brand": "The Art of Shaving", "category": 3, "description": "A conditioning oil for your beard that keeps it looking and feeling soft and healthy.", "rating": "0.00", "numReviews": 0, "price": "14.99", "countInStock": 50, "createdAt": "2023-04-28T20:33:05.590Z", "clickCount": 2}}, {"model": "base.product", "pk": 22, "fields": {"user": null, "name": "Face Wash", "image": "FACE-WASH-8-OZ.webp", "brand": "Baxter of California", "category": 3, "description": "A gentle, daily facial cleanser that removes dirt and oil without drying out your skin.", "rating": "0.00", "numReviews": 0, "price": "9.99", "countInStock": 75, "createdAt": "2023-04-28T20:33:06.343Z", "clickCount": 0}}, {"model": "base.product", "pk": 23, "fields": {"user": null, "name": "Shaving Cream", "image": "jack_black_supreme_cream.webp", "brand": "Jack Black", "category": 3, "description": "A rich, creamy shaving cream that softens and lifts your beard for a close, comfortable shave.", "rating": "0.00", "numReviews": 0, "price": "19.99", "countInStock": 25, "createdAt": "2023-04-28T20:33:07.151Z", "clickCount": 0}}, {"model": "base.product", "pk": 24, "fields": {"user": null, "name": "Hair Styling Gel", "image": "001763321.jpeg", "brand": "American Crew", "category": 3, "description": "A lightweight, non-flaking styling gel that provides a strong hold and a natural shine.", "rating": "0.00", "numReviews": 0, "price": "12.99", "countInStock": 100, "createdAt": "2023-04-28T20:33:07.896Z", "clickCount": 0}}, {"model": "base.product", "pk": 25, "fields": {"user": null, "name": "Deodorant", "image": "71NqDZ9vC3L.jpg", "brand": "Dove Men+Care", "category": 3, "description": "A long-lasting deodorant that keeps you feeling fresh and confident all day long.", "rating": "0.00", "numReviews": 0, "price": "7.99", "countInStock": 200, "createdAt": "2023-04-28T20:33:08.619Z", "clickCount": 0}}, {"model": "base.product", "pk": 26, "fields": {"user": null, "name": "Aftershave Lotion", "image": "aftershaves-proraso.jpg", "brand": "Proraso", "category": 3, "description": "A cooling, soothing lotion that hydrates and protects your skin after shaving.", "rating": "0.00", "numReviews": 0, "price": "24.99", "countInStock": 40, "createdAt": "2023-04-28T20:33:09.653Z", "clickCount": 0}}, {"model": "base.product", "pk": 27, "fields": {"user": null, "name": "Dove Sensitive Skin Body Wash", "image": "dkajf823s.jpg", "brand": "Dove", "category": 5, "description": "Gentle body wash for sensitive skin", "rating": "0.00", "numReviews": 0, "price": "5.99", "countInStock": 50, "createdAt": "2023-04-28T20:40:13.351Z", "clickCount": 1}}, {"model": "base.product", "pk": 28, "fields": {"user": null, "name": "Crest 3D White Toothpaste", "image": "960105832-ECOM.webp", "brand": "Crest", "category": 5, "description": "Whitening toothpaste for a brighter smile", "rating": "0.00", "numReviews": 0, "price": "3.99", "countInStock": 100, "createdAt": "2023-04-28T20:40:14.101Z", "clickCount": 0}}, {"model": "base.product", "pk": 29, "fields": {"user": null, "name": "Old Spice Pure Sport Body Wash", "image": "83f8d04860a300095e85c8874d.jpg", "brand": "Old Spice", "category": 5, "description": "Refreshing body wash for men", "rating": "0.00", "numReviews": 0, "price": "4.99", "countInStock": 75, "createdAt": "2023-04-28T20:40:14.939Z", "clickCount": 0}}, {"model": "base.product", "pk": 30, "fields": {"user": null, "name": "Aveeno Daily Moisturizing Lotion", "image": "f152012oz20354ml-1.jpeg", "brand": "Aveeno", "category": 5, "description": "Moisturizing lotion for dry skin", "rating": "0.00", "numReviews": 0, "price": "7.99", "countInStock": 60, "createdAt": "2023-04-28T20:40:15.819Z", "clickCount": 0}}, {"model": "base.product", "pk": 31, "fields": {"user": null, "name": "Secret Aluminum-Free Deodorant", "image": "adkfjksmc-w034sa.jpeg", "brand": "Secret", "category": 5, "description": "Gentle deodorant without aluminum", "rating": "0.00", "numReviews": 0, "price": "4.49", "countInStock": 80, "createdAt": "2023-04-28T20:40:16.511Z", "clickCount": 0}}, {"model": "base.product", "pk": 32, "fields": {"user": null, "name": "Neutrogena Oil-Free Acne Wash", "image": "acne-wash.jpg", "brand": "Neutrogena", "category": 5, "description": "Acne-fighting face wash", "rating": "0.00", "numReviews": 0, "price": "6.99", "countInStock": 40, "createdAt": "2023-04-28T20:40:17.335Z", "clickCount": 0}}, {"model": "base.product", "pk": 33, "fields": {"user": null, "name": "La Mer Crème de la Mer", "image": "akjskdakdjkwi.jpg", "brand": "La Mer", "category": 7, "description": "This luxurious cream deeply soothes and moisturizes to help heal dryness and leave skin looking naturally vibrant. It's formulated with nutrient-rich Miracle Broth, the heart of La Mer's profound powers of transformation.", "rating": "0.00", "numReviews": 0, "price": "345.00", "countInStock": 10, "createdAt": "2023-04-28T20:43:44.366Z", "clickCount": 0}}, {"model": "base.product", "pk": 34, "fields": {"user": null, "name": "Tom Ford Traceless Foundation Stick", "image": "skjksddsijlm.webp", "brand": "Tom Ford", "category": 7, "description": "This lightweight, creamy foundation stick provides buildable coverage with a natural-looking matte finish that lasts up to 15 hours. It's enriched with nourishing ingredients like hyaluronic acid and jojoba oil to hydrate and plump the skin.", "rating": "0.00", "numReviews": 0, "price": "88.00", "countInStock": 5, "createdAt": "2023-04-28T20:43:45.155Z", "clickCount": 0}}, {"model": "base.product", "pk": 35, "fields": {"user": null, "name": "Chanel Les 4 Ombres Eyeshadow Palette", "image": "8814057095198.webp", "brand": "Chanel", "category": 7, "description": "This eyeshadow palette features four versatile shades that can be layered and blended to create a range of looks. The silky powder formula glides on smoothly and stays put for up to eight hours without creasing or fading.", "rating": "0.00", "numReviews": 0, "price": "62.00", "countInStock": 8, "createdAt": "2023-04-28T20:43:45.923Z", "clickCount": 0}}, {"model": "base.product", "pk": 36, "fields": {"user": null, "name": "Dior Addict Lip Glow", "image": "3348901550628.webp", "brand": "Dior", "category": 7, "description": "This cult-favorite lip balm reacts to the unique chemistry of your lips to create a custom shade that enhances your natural beauty. The moisturizing formula nourishes and plumps the lips, leaving them soft and smooth.", "rating": "0.00", "numReviews": 0, "price": "34.00", "countInStock": 12, "createdAt": "2023-04-28T20:43:46.631Z", "clickCount": 3}}, {"model": "base.product", "pk": 37, "fields": {"user": null, "name": "Guerlain Abeille Royale Youth Watery Oil", "image": "ksjdkfji82sa.webp", "brand": "Guerlain", "category": 7, "description": "This lightweight, fast-absorbing facial oil is formulated with a blend of honey and royal jelly to nourish and hydrate the skin. It also contains a powerful anti-aging complex to help firm and smooth the appearance of fine lines and wrinkles.", "rating": "0.00", "numReviews": 0, "price": "155.00", "countInStock": 3, "createdAt": "2023-04-28T20:43:47.493Z", "clickCount": 0}}, {"model": "base.product", "pk": 38, "fields": {"user": null, "name": "Yves Saint Laurent Touche Éclat Radiant Touch", "image": "s2209344.webp", "brand": "Yves Saint Laurent", "category": 7, "description": "This iconic highlighting pen instantly brightens and illuminates the complexion, making it look more awake and refreshed. It's infused with light-reflecting particles and skincare ingredients like hyaluronic acid to hydrate and plump the skin.", "rating": "0.00", "numReviews": 0, "price": "38.00", "countInStock": 15, "createdAt": "2023-04-28T20:43:48.328Z", "clickCount": 0}}, {"model": "base.product", "pk": 39, "fields": {"user": null, "name": "Revlon Colorstay Foundation", "image": "zadjmkpsnq.webp", "brand": "Revlon", "category": 6, "description": "Full coverage long wear foundation that feels comfortable on the skin", "rating": "0.00", "numReviews": 0, "price": "12.99", "countInStock": 50, "createdAt": "2023-04-28T20:49:30.382Z", "clickCount": 0}}, {"model": "base.product", "pk": 40, "fields": {"user": null, "name": "Maybelline Instant Age Rewind Concealer", "image": "jijsjalsd.jpg", "brand": "Maybelline", "category": 6, "description": "Concealer that erases dark circles and fine lines instantly", "rating": "0.00", "numReviews": 0, "price": "8.99", "countInStock": 40, "createdAt": "2023-04-28T20:49:31.167Z", "clickCount": 0}}, {"model": "base.product", "pk": 41, "fields": {"user": null, "name": "MAC Matte Lipstick", "image": "61YGRAtqB1L.jpg", "brand": "MAC", "category": 6, "description": "Classic matte lipstick that lasts for hours", "rating": "0.00", "numReviews": 0, "price": "19.00", "countInStock": 30, "createdAt": "2023-04-28T20:49:31.896Z", "clickCount": 0}}, {"model": "base.product", "pk": 42, "fields": {"user": null, "name": "Anastasia Beverly Hills Dipbrow Pomade", "image": "s1578699.webp", "brand": "Anastasia Beverly Hills", "category": 6, "description": "Waterproof pomade that creates natural looking brows", "rating": "0.00", "numReviews": 0, "price": "21.00", "countInStock": 20, "createdAt": "2023-04-28T20:49:32.668Z", "clickCount": 0}}, {"model": "base.product", "pk": 43, "fields": {"user": null, "name": "Fenty Beauty Killawatt Freestyle Highlighter", "image": "s1925916.webp", "brand": "Fenty Beauty", "category": 6, "description": "Highlighter that gives a long-lasting shimmer effect", "rating": "0.00", "numReviews": 0, "price": "34.00", "countInStock": 15, "createdAt": "2023-04-28T20:49:33.367Z", "clickCount": 1}}, {"model": "base.product", "pk": 44, "fields": {"user": null, "name": "NYX Epic Ink Liner", "image": "nyx-1571905867.webp", "brand": "NYX", "category": 6, "description": "Waterproof eyeliner with a fine tip for precise application", "rating": "0.00", "numReviews": 0, "price": "7.99", "countInStock": 25, "createdAt": "2023-04-28T20:49:34.133Z", "clickCount": 0}}, {"model": "base.product", "pk": 45, "fields": {"user": null, "name": "Soft Cotton Bath Towel", "image": "236613_imageset.webp", "brand": "Organic Cotton Co.", "category": 8, "description": "Luxuriously soft and absorbent, this bath towel is made from 100% organic cotton for a comfortable and eco-friendly addition to your bathroom.", "rating": "0.00", "numReviews": 0, "price": "14.99", "countInStock": 50, "createdAt": "2023-04-28T20:56:59.120Z", "clickCount": 1}}, {"model": "base.product", "pk": 46, "fields": {"user": null, "name": "Decorative Throw Pillow", "image": "717L6vCQ02L.jpg", "brand": "Modern Home", "category": 8, "description": "Add some style and comfort to your living room with this soft and cozy throw pillow, featuring a modern geometric pattern.", "rating": "0.00", "numReviews": 0, "price": "24.99", "countInStock": 30, "createdAt": "2023-04-28T20:56:59.921Z", "clickCount": 0}}, {"model": "base.product", "pk": 47, "fields": {"user": null, "name": "Glass Water Pitcher", "image": "sldllsjndn.jpg", "brand": "Classic Home", "category": 8, "description": "Serve up refreshing drinks in style with this elegant glass water pitcher, featuring a classic design and sturdy handle.", "rating": "0.00", "numReviews": 0, "price": "19.99", "countInStock": 20, "createdAt": "2023-04-28T20:57:00.657Z", "clickCount": 0}}, {"model": "base.product", "pk": 48, "fields": {"user": null, "name": "Adjustable Height Standing Desk", "image": "61qJYSKJXeL.jpg", "brand": "FlexiSpot", "category": 9, "description": "Transform your workstation with our height adjustable desk that promotes ergonomic posture and productivity. Sturdy and durable, this desk can be raised or lowered effortlessly and quietly using the gas spring hovering system.", "rating": "0.00", "numReviews": 0, "price": "199.99", "countInStock": 10, "createdAt": "2023-04-28T20:58:35.163Z", "clickCount": 1}}, {"model": "base.product", "pk": 49, "fields": {"user": null, "name": "Ergonomic Mesh Office Chair", "image": "jsdkjlmlajkdkf.jpeg", "brand": "Duramont", "category": 9, "description": "Stay comfortable and focused throughout the workday with our ergonomic office chair. The breathable mesh backrest keeps you cool while the adjustable lumbar support and headrest ensure proper posture and prevent back pain. The chair is also fully adjustable to fit your height and preference.", "rating": "0.00", "numReviews": 0, "price": "149.99", "countInStock": 20, "createdAt": "2023-04-28T20:58:36.047Z", "clickCount": 1}}, {"model": "base.product", "pk": 50, "fields": {"user": null, "name": "Multi-Functional Wireless Printer", "image": "1574275626000_1496467-1.jpg", "brand": "HP", "category": 9, "description": "Increase your productivity with this all-in-one wireless printer that can print, scan, copy, and fax. The printer features automatic two-sided printing, a large paper capacity, and a fast printing speed. With its intuitive touchscreen display and mobile printing capabilities, you can easily print from anywhere.", "rating": "0.00", "numReviews": 0, "price": "249.99", "countInStock": 5, "createdAt": "2023-04-28T20:58:36.986Z", "clickCount": 0}}, {"model": "base.product", "pk": 51, "fields": {"user": null, "name": "Stainless Steel Mixing Bowls", "image": "31l8Iu9-1KL._AC_.jpg", "brand": "OXO", "category": 10, "description": "Set of three mixing bowls with non-slip bottoms and easy-to-grip handles.", "rating": "0.00", "numReviews": 0, "price": "24.99", "countInStock": 0, "createdAt": "2023-04-28T21:01:23.187Z", "clickCount": 4}}, {"model": "base.product", "pk": 52, "fields": {"user": null, "name": "Non-Stick Silicone Baking Mats", "image": "91mNbIvAJdL.jpg", "brand": "AmazonBasics", "category": 10, "description": "Set of two non-stick baking mats with a silicone coating that eliminates the need for oil or cooking spray.", "rating": "0.00", "numReviews": 0, "price": "12.99", "countInStock": 100, "createdAt": "2023-04-28T21:01:23.978Z", "clickCount": 0}}, {"model": "base.product", "pk": 53, "fields": {"user": null, "name": "Non-Stick Baking Pan Set", "image": "81CjXeeyxYL._SY355_.jpg", "brand": "Kitchen Essentials", "category": 10, "description": "This set includes two non-stick baking pans in different sizes. The durable construction ensures even heating and perfect baking results every time. The non-stick coating ensures easy food release and quick clean-up. Perfect for baking cakes, brownies, and more!", "rating": "0.00", "numReviews": 0, "price": "24.99", "countInStock": 30, "createdAt": "2023-04-28T21:01:24.655Z", "clickCount": 2}}, {"model": "base.product", "pk": 54, "fields": {"user": null, "name": "Instant Pot DUO60 6 Qt 7-in-1 Multi-Use Pressure Cooker", "image": "71V1LrY1MSL.jpg", "brand": "Instant Pot", "category": 13, "description": "This pressure cooker can also function as a slow cooker, rice cooker, steamer, sauté, yogurt maker, and warmer. It has 14 smart programs and a large LCD display.", "rating": "0.00", "numReviews": 0, "price": "89.00", "countInStock": 15, "createdAt": "2023-04-28T21:07:11.957Z", "clickCount": 0}}, {"model": "base.product", "pk": 55, "fields": {"user": null, "name": "Cuisinart TOB-260N1 Chef's Convection Toaster Oven", "image": "260bd502c077.jpeg", "brand": "Cuisinart", "category": 13, "description": "This toaster oven has a spacious interior and can bake, broil, toast, and convection bake. It also has a built-in light and comes with a baking tray, broiling rack, and crumb tray.", "rating": "0.00", "numReviews": 0, "price": "259.99", "countInStock": 8, "createdAt": "2023-04-28T21:07:12.708Z", "clickCount": 0}}, {"model": "base.product", "pk": 56, "fields": {"user": null, "name": "Ninja Foodi 8-Quart 9-in-1 Deluxe XL Pressure Cooker & Air Fryer", "image": "6357663cv22d.jpg", "brand": "Ninja", "category": 13, "description": "This pressure cooker and air fryer has 9 functions including pressure cook, air fry, steam, slow cook, yogurt, and more. It also has an 8-quart capacity and comes with a crisping lid, pressure lid, and reversible rack.", "rating": "0.00", "numReviews": 0, "price": "249.99", "countInStock": 12, "createdAt": "2023-04-28T21:07:13.403Z", "clickCount": 1}}, {"model": "base.product", "pk": 57, "fields": {"user": null, "name": "Mini Blender", "image": "71c52rBJWjL.jpg", "brand": "NutriBullet", "category": 12, "description": "Blend your smoothies or shakes with ease using this powerful mini blender.", "rating": "0.00", "numReviews": 0, "price": "29.99", "countInStock": 100, "createdAt": "2023-04-28T21:11:59.649Z", "clickCount": 1}}, {"model": "base.product", "pk": 58, "fields": {"user": null, "name": "Electric Kettle", "image": "40865.jpg", "brand": "Hamilton Beach", "category": 12, "description": "Boil water quickly and easily with this electric kettle. Perfect for making tea, coffee, or hot cocoa.", "rating": "0.00", "numReviews": 0, "price": "34.99", "countInStock": 50, "createdAt": "2023-04-28T21:12:00.429Z", "clickCount": 0}}, {"model": "base.product", "pk": 59, "fields": {"user": null, "name": "Toaster Oven", "image": "toaster-oven.jpg", "brand": "Cuisinart", "category": 12, "description": "Bake, broil, and toast with this versatile toaster oven. Perfect for small kitchens or as a backup to your main oven.", "rating": "0.00", "numReviews": 0, "price": "89.99", "countInStock": 25, "createdAt": "2023-04-28T21:12:01.247Z", "clickCount": 0}}, {"model": "base.product", "pk": 60, "fields": {"user": null, "name": "French Door Refrigerator", "image": "518jQVSgIyL.jpg", "brand": "Samsung", "category": 11, "description": "Store all of your perishable items in this spacious French door refrigerator. Features include adjustable shelves, an ice maker, and a water dispenser.", "rating": "0.00", "numReviews": 0, "price": "1999.99", "countInStock": 10, "createdAt": "2023-04-28T21:13:47.588Z", "clickCount": 0}}, {"model": "base.product", "pk": 61, "fields": {"user": null, "name": "Gas Range", "image": "akdjzkasdfssd.jpeg", "brand": "Whirlpool", "category": 11, "description": "Cook your meals to perfection with this gas range. Features include a large oven, four burners, and electronic ignition.", "rating": "0.00", "numReviews": 0, "price": "899.99", "countInStock": 5, "createdAt": "2023-04-28T21:13:48.293Z", "clickCount": 0}}, {"model": "base.product", "pk": 62, "fields": {"user": null, "name": "Front Load Washer", "image": "LG_Front_Load.jpg", "brand": "LG", "category": 11, "description": "Wash your clothes quickly and efficiently with this front load washer. Features include a large capacity drum, multiple wash cycles, and energy-saving options.", "rating": "0.00", "numReviews": 0, "price": "1099.99", "countInStock": 3, "createdAt": "2023-04-28T21:13:49.041Z", "clickCount": 1}}, {"model": "base.product", "pk": 63, "fields": {"user": null, "name": "Samsung Galaxy S21", "image": "s21.jpg", "brand": "Samsung", "category": 14, "description": "The Samsung Galaxy S21 features a 6.2-inch Dynamic AMOLED display, 8GB of RAM, 128GB of storage, and a 64-megapixel camera.", "rating": "0.00", "numReviews": 0, "price": "799.99", "countInStock": 10, "createdAt": "2023-04-28T21:19:11.999Z", "clickCount": 3}}, {"model": "base.product", "pk": 64, "fields": {"user": null, "name": "Google Pixel 6", "image": "Google-Pixel-6.jpg", "brand": "Google", "category": 14, "description": "The Google Pixel 6 features a 6.4-inch OLED display, 8GB of RAM, 128GB of storage, and a dual-camera system with Night Sight and ultrawide lens.", "rating": "0.00", "numReviews": 0, "price": "599.99", "countInStock": 5, "createdAt": "2023-04-28T21:19:12.818Z", "clickCount": 0}}, {"model": "base.product", "pk": 65, "fields": {"user": null, "name": "Apple iPad Pro (2021)", "image": "1667297687_1.jpg", "brand": "Apple", "category": 16, "description": "The Apple iPad Pro (2021) features an 11-inch Liquid Retina display, M1 chip, 128GB of storage, and a 12-megapixel Ultra Wide front camera.", "rating": "0.00", "numReviews": 0, "price": "999.00", "countInStock": 6, "createdAt": "2023-04-28T21:19:13.500Z", "clickCount": 0}}, {"model": "base.product", "pk": 66, "fields": {"user": null, "name": "Samsung Galaxy Tab S7", "image": "e1634828668760.png", "brand": "Samsung", "category": 16, "description": "The Samsung Galaxy Tab S7 features an 11-inch LTPS TFT display, 6GB of RAM, 128GB of storage, and a dual-camera system with ultra-wide lens.", "rating": "0.00", "numReviews": 0, "price": "649.99", "countInStock": 7, "createdAt": "2023-04-28T21:19:58.508Z", "clickCount": 5}}, {"model": "base.product", "pk": 67, "fields": {"user": null, "name": "Amazon Fire HD 10", "image": "Amazon-Fire-HD-10.jpg", "brand": "Amazon", "category": 16, "description": "The Amazon Fire HD 10 features a 10.1-inch 1080p full HD display, 3GB of RAM, 32GB of storage, and up to 12 hours of battery life.", "rating": "0.00", "numReviews": 0, "price": "149.99", "countInStock": 10, "createdAt": "2023-04-28T21:19:59.337Z", "clickCount": 0}}, {"model": "base.product", "pk": 68, "fields": {"user": null, "name": "Wireless Charging Pad", "image": "HPU82.jpeg", "brand": "Belkin", "category": 15, "description": "Charge your phone or tablet wirelessly with this charging pad from Belkin.", "rating": "0.00", "numReviews": 0, "price": "29.99", "countInStock": 50, "createdAt": "2023-04-28T21:21:12.518Z", "clickCount": 0}}, {"model": "base.product", "pk": 69, "fields": {"user": null, "name": "Bluetooth Keyboard", "image": "920-006710_-1.jpg", "brand": "Logitech", "category": 15, "description": "Pair this keyboard with your tablet or phone for more comfortable typing.", "rating": "0.00", "numReviews": 0, "price": "59.99", "countInStock": 20, "createdAt": "2023-04-28T21:21:13.232Z", "clickCount": 3}}, {"model": "base.product", "pk": 70, "fields": {"user": null, "name": "Tempered Glass Screen Protector", "image": "title_ipxi.webp", "brand": "Spigen", "category": 15, "description": "Protect your phone or tablet screen from scratches and cracks with this tempered glass screen protector.", "rating": "0.00", "numReviews": 0, "price": "12.99", "countInStock": 100, "createdAt": "2023-04-28T21:21:13.950Z", "clickCount": 2}}, {"model": "base.product", "pk": 71, "fields": {"user": null, "name": "HP Spectre x360", "image": "3R494PAABG_006.jpg", "brand": "HP", "category": 18, "description": "The HP Spectre x360 is a versatile 2-in-1 laptop that offers impressive performance and battery life. It features a 13.3-inch Full HD touchscreen display, Intel Core i7 processor, 16GB of RAM, and 512GB SSD storage. The laptop is also equipped with a built-in webcam and microphone, making it ideal for remote work and video conferencing.", "rating": "0.00", "numReviews": 0, "price": "1199.00", "countInStock": 10, "createdAt": "2023-04-28T21:36:03.560Z", "clickCount": 1}}, {"model": "base.product", "pk": 72, "fields": {"user": null, "name": "ASUS ZenBook 14", "image": "asus-zenbook.png", "brand": "ASUS", "category": 18, "description": "The ASUS ZenBook 14 is a sleek and stylish laptop that offers great performance and portability. It features a 14-inch Full HD display, Intel Core i7 processor, 16GB of RAM, and 512GB SSD storage. The laptop also has a compact and lightweight design, weighing just 2.62 lbs, making it easy to carry around with you.", "rating": "0.00", "numReviews": 0, "price": "999.00", "countInStock": 5, "createdAt": "2023-04-28T21:36:04.645Z", "clickCount": 6}}, {"model": "base.product", "pk": 73, "fields": {"user": null, "name": "Dell Inspiron 15 7000", "image": "41kDZN9td6L._SY450_.jpg", "brand": "Dell", "category": 18, "description": "The Dell Inspiron 15 7000 is a powerful and versatile laptop that is great for both work and entertainment. It features a 15.6-inch Full HD display, Intel Core i7 processor, 16GB of RAM, and 512GB SSD storage. The laptop also has a dedicated NVIDIA GeForce GTX 1650 graphics card, making it ideal for gaming and video editing.", "rating": "0.00", "numReviews": 0, "price": "899.00", "countInStock": 8, "createdAt": "2023-04-28T21:36:06.597Z", "clickCount": 4}}, {"model": "base.product", "pk": 74, "fields": {"user": null, "name": "Logitech MX Master 3 Wireless Mouse", "image": "61VjlQUqQDL._SY355_.jpg", "brand": "Logitech", "category": 19, "description": "The Logitech MX Master 3 is a high-end wireless mouse that offers precision and comfort. It features a unique thumb wheel for horizontal navigation, customizable buttons, and a rechargeable battery that lasts up to 70 days on a single charge. The mouse also has advanced tracking technology and can be used on any surface, including glass.", "rating": "0.00", "numReviews": 0, "price": "99.00", "countInStock": 15, "createdAt": "2023-04-28T21:37:27.195Z", "clickCount": 1}}, {"model": "base.product", "pk": 75, "fields": {"user": null, "name": "Samsung 970 EVO Plus NVMe SSD", "image": "51LHdhwn62L.jpg", "brand": "Samsung", "category": 19, "description": "The Samsung 970 EVO Plus NVMe SSD is a high-performance storage device that offers fast read and write speeds. It has a capacity of 500GB and uses V-NAND technology to deliver reliable performance. The SSD is also equipped with Dynamic Thermal Guard technology to prevent overheating and ensure optimal performance.", "rating": "0.00", "numReviews": 0, "price": "149.00", "countInStock": 7, "createdAt": "2023-04-28T21:37:27.960Z", "clickCount": 0}}, {"model": "base.product", "pk": 76, "fields": {"user": null, "name": "Anker PowerPort Atom PD 2 Charger", "image": "619-NENMZL._AC_SS300_.jpg", "brand": "Anker", "category": 19, "description": "The Anker PowerPort Atom PD 2 is a compact and powerful charger that can charge two devices simultaneously. It supports USB-C Power Delivery and can deliver up to 60W of power. The charger also has a foldable plug design for easy portability and comes with built-in safety features to protect your devices from overcharging and overheating.", "rating": "0.00", "numReviews": 0, "price": "59.00", "countInStock": 12, "createdAt": "2023-04-28T21:37:28.732Z", "clickCount": 0}}, {"model": "base.product", "pk": 77, "fields": {"user": null, "name": "Seagate Backup Plus Portable Drive", "image": "51rZsRYtjL.jpg", "brand": "Seagate", "category": 20, "description": "The Seagate Backup Plus Portable Drive is a reliable and portable storage solution that offers up to 5TB of storage capacity. It is compatible with both Mac and Windows computers and can be easily connected via USB 3.0. The drive also comes with Seagate's backup software, allowing you to easily back up and protect your important files.", "rating": "0.00", "numReviews": 0, "price": "79.00", "countInStock": 20, "createdAt": "2023-04-28T21:51:04.986Z", "clickCount": 1}}, {"model": "base.product", "pk": 78, "fields": {"user": null, "name": "SanDisk Ultra Dual Drive USB Type-C", "image": "410l0pKc2OL.jpg", "brand": "SanDisk", "category": 20, "description": "The SanDisk Ultra Dual Drive USB Type-C is a versatile and convenient storage device that can be used with both USB Type-C and Type-A devices. It has a capacity of 128GB and can transfer files at speeds of up to 150MB/s. The drive also has a retractable design to protect the connectors and is compatible with the SanDisk Memory Zone app for easy file management.", "rating": "0.00", "numReviews": 0, "price": "29.00", "countInStock": 15, "createdAt": "2023-04-28T21:51:05.757Z", "clickCount": 0}}, {"model": "base.product", "pk": 79, "fields": {"user": null, "name": "Western Digital Black SN750 NVMe SSD", "image": "41qOD1dQA0L._SL1002_.jpg", "brand": "Western Digital", "category": 20, "description": "The Western Digital Black SN750 NVMe SSD is a high-performance storage device that offers fast read and write speeds. It has a capacity of 1TB and uses 3D NAND technology to deliver reliable performance. The SSD is also equipped with a heatsink to prevent overheating and maintain optimal performance during intense workloads.", "rating": "0.00", "numReviews": 0, "price": "199.00", "countInStock": 8, "createdAt": "2023-04-28T21:51:06.476Z", "clickCount": 0}}, {"model": "base.product", "pk": 80, "fields": {"user": null, "name": "AMD Ryzen 7 5800X Processor", "image": "61DYLoyNRWL._SL1384_.jpg", "brand": "AMD", "category": 21, "description": "The AMD Ryzen 7 5800X Processor is a high-performance CPU with 8 cores and 16 threads. It has a base clock speed of 3.8GHz and a boost clock speed of up to 4.7GHz. The processor also supports PCIe 4.0 and has a TDP of 105W, making it an ideal choice for gamers and content creators.", "rating": "0.00", "numReviews": 0, "price": "449.00", "countInStock": 10, "createdAt": "2023-04-28T21:53:33.371Z", "clickCount": 0}}, {"model": "base.product", "pk": 81, "fields": {"user": null, "name": "G.Skill Trident Z RGB DDR4 RAM", "image": "517XdV5-dZL._AC_.jpg", "brand": "G.Skill", "category": 21, "description": "The G.Skill Trident Z RGB DDR4 RAM is a high-performance memory module that offers a capacity of 16GB and a speed of 3200MHz. It has a sleek design with RGB lighting that can be customized using the G.Skill software. The RAM is also optimized for Intel and AMD platforms, making it compatible with a wide range of systems.", "rating": "0.00", "numReviews": 0, "price": "139.00", "countInStock": 20, "createdAt": "2023-04-28T21:53:34.102Z", "clickCount": 1}}, {"model": "base.product", "pk": 82, "fields": {"user": null, "name": "ASUS ROG Strix GeForce RTX 3080 Graphics Card", "image": "81UBILsWwiS._AC_UL200_SR200200_.jpg", "brand": "ASUS", "category": 21, "description": "The ASUS ROG Strix GeForce RTX 3080 Graphics Card is a powerful GPU with 10GB of GDDR6X memory and a boost clock speed of up to 1935MHz. It also features RGB lighting and ASUS's Axial-tech fan design for efficient cooling. The graphics card is compatible with NVIDIA's Ampere architecture and supports real-time ray tracing and AI acceleration.", "rating": "0.00", "numReviews": 0, "price": "1399.00", "countInStock": 5, "createdAt": "2023-04-28T21:53:35.183Z", "clickCount": 0}}, {"model": "base.product", "pk": 83, "fields": {"user": null, "name": "Samsung UN55RU8000FXZA 55-inch 4K UHD TV", "image": "81Nu4cpJ9JL.jpg", "brand": "Samsung", "category": 23, "description": "The Samsung UN55RU8000FXZA 55-inch 4K UHD TV is a high-quality television with a slim design and 4K resolution. It also features Samsung's PurColor technology for enhanced color accuracy and HDR for improved contrast. The TV includes popular streaming apps like Netflix, Hulu, and Amazon Prime Video, and supports voice control through Amazon Alexa and Samsung's Bixby assistant.", "rating": "0.00", "numReviews": 0, "price": "797.99", "countInStock": 12, "createdAt": "2023-04-28T21:56:05.420Z", "clickCount": 1}}, {"model": "base.product", "pk": 84, "fields": {"user": null, "name": "LG 65NANO81UNA 65-inch NanoCell TV", "image": "91pdort2WuL._AC_SS450_.jpg", "brand": "LG", "category": 23, "description": "The LG 65NANO81UNA 65-inch NanoCell TV is a high-quality television with 4K resolution and LG's NanoCell technology for improved color accuracy. It also features LG's ThinQ AI technology and supports both Google Assistant and Amazon Alexa for voice control. The TV includes built-in streaming apps like Netflix, Hulu, and Amazon Prime Video, and supports Apple AirPlay 2 and HomeKit for easy streaming from Apple devices.", "rating": "0.00", "numReviews": 0, "price": "999.99", "countInStock": 8, "createdAt": "2023-04-28T21:56:06.154Z", "clickCount": 0}}, {"model": "base.product", "pk": 85, "fields": {"user": null, "name": "Sony XBR-65X950G 65-inch LED TV", "image": "81KOr7zrq-L._AC_SS300_.jpg", "brand": "Sony", "category": 23, "description": "The Sony XBR-65X950G 65-inch LED TV is a high-end television with 4K resolution and Sony's X1 Ultimate processor for enhanced image quality. It also features Sony's Triluminos technology for improved color accuracy and supports both Google Assistant and Amazon Alexa for voice control. The TV includes built-in streaming apps like Netflix, Hulu, and Amazon Prime Video, and supports Apple AirPlay 2 and HomeKit for easy streaming from Apple devices.", "rating": "0.00", "numReviews": 0, "price": "1498.00", "countInStock": 5, "createdAt": "2023-04-28T21:56:06.923Z", "clickCount": 0}}, {"model": "base.product", "pk": 86, "fields": {"user": null, "name": "Sonos Beam Soundbar", "image": "51LbXivEvJL.jpg", "brand": "Sonos", "category": 24, "description": "The Sonos Beam Soundbar is a compact and versatile home audio device that delivers high-quality sound for your TV, movies, music, and more. It features built-in Amazon Alexa and supports voice control for hands-free operation. The Beam connects to your TV and other devices via HDMI ARC or optical cable and includes support for popular streaming services like Spotify, Pandora, and Amazon Music.", "rating": "0.00", "numReviews": 0, "price": "399.99", "countInStock": 10, "createdAt": "2023-04-28T22:00:07.602Z", "clickCount": 0}}, {"model": "base.product", "pk": 87, "fields": {"user": null, "name": "Bose SoundTouch 300 Soundbar", "image": "39ac681f-9492.jpg", "brand": "Bose", "category": 24, "description": "The Bose SoundTouch 300 Soundbar is a high-end home audio device that delivers clear and immersive sound for your TV, movies, music, and more. It features built-in Wi-Fi and Bluetooth connectivity for easy streaming from your smartphone, tablet, or computer. The SoundTouch 300 also includes support for Amazon Alexa and Google Assistant for hands-free operation.", "rating": "0.00", "numReviews": 0, "price": "699.00", "countInStock": 5, "createdAt": "2023-04-28T22:00:08.705Z", "clickCount": 1}}, {"model": "base.product", "pk": 88, "fields": {"user": null, "name": "Yamaha YAS-209 Soundbar", "image": "71VdhH6Cq9L.jpg", "brand": "Yamaha", "category": 24, "description": "The Yamaha YAS-209 Soundbar is a powerful and feature-rich home audio device that delivers high-quality sound for your TV, movies, music, and more. It features built-in Amazon Alexa for voice control and connects to your TV and other devices via HDMI ARC or optical cable. The YAS-209 also includes support for popular streaming services like Spotify, Pandora, and Amazon Music, and features a wireless subwoofer for enhanced bass.", "rating": "0.00", "numReviews": 0, "price": "349.95", "countInStock": 8, "createdAt": "2023-04-28T22:00:09.585Z", "clickCount": 0}}, {"model": "base.product", "pk": 89, "fields": {"user": null, "name": "Sanus VLT6-B1 Advanced Tilt Premium TV Wall Mount", "image": "31TgoZZeFL._AC_.jpg", "brand": "Sanus", "category": 25, "description": "The Sanus VLT6-B1 Advanced Tilt Premium TV Wall Mount is a high-quality accessory that allows you to mount your TV securely and easily on any wall. It features a low-profile design that keeps your TV close to the wall for a clean and modern look, and includes a tilting mechanism that allows you to adjust the angle of the TV for the best viewing experience. The wall mount also includes a quick-release mechanism for easy installation and removal, and supports TVs up to 90 inches and weighing up to 150 pounds.", "rating": "0.00", "numReviews": 0, "price": "129.99", "countInStock": 4, "createdAt": "2023-04-28T22:02:35.263Z", "clickCount": 1}}, {"model": "base.product", "pk": 90, "fields": {"user": null, "name": "VIZIO SB3821-C6 38-Inch 2.1 Channel Sound Bar", "image": "71IZnxBJ-AS.jpg", "brand": "VIZIO", "category": 25, "description": "The VIZIO SB3821-C6 38-Inch 2.1 Channel Sound Bar is a high-quality accessory for your TV or home audio system. It features Bluetooth connectivity for wireless streaming from your smartphone, tablet, or computer, and includes a remote control and wall-mounting hardware for easy installation. The sound bar also includes a built-in subwoofer for enhanced bass and a sleek and modern design that complements any home décor.", "rating": "0.00", "numReviews": 0, "price": "149.99", "countInStock": 7, "createdAt": "2023-04-28T22:02:36.017Z", "clickCount": 1}}, {"model": "base.product", "pk": 91, "fields": {"user": null, "name": "AmazonBasics 2.1 Channel Bluetooth Sound Bar", "image": "911lN0IeXaL.jpg", "brand": "AmazonBasics", "category": 25, "description": "The AmazonBasics 2.1 Channel Bluetooth Sound Bar is an affordable and easy-to-use accessory for your TV or home audio system. It features Bluetooth connectivity for wireless streaming from your smartphone, tablet, or computer, and includes a remote control for convenient operation. The sound bar also includes a built-in subwoofer for enhanced bass and a sleek and compact design that fits easily in any room.", "rating": "0.00", "numReviews": 0, "price": "99.99", "countInStock": 15, "createdAt": "2023-04-28T22:02:36.770Z", "clickCount": 1}}, {"model": "base.product", "pk": 92, "fields": {"user": null, "name": "Kate Spade New York Women's Margaux Medium Tote", "image": "81PLWt-9hZL.jpg", "brand": "Kate Spade New York", "category": 27, "description": "The Kate Spade New York Women's Margaux Medium Tote is a stylish and practical handbag that will complement any outfit. It is made from high-quality leather, with a spacious interior and multiple pockets for organizing your essentials. The tote features a zip-top closure and double handles for easy carrying, and comes in a range of colors to suit your style. It also has a classic and timeless design that will never go out of style.", "rating": "0.00", "numReviews": 0, "price": "298.00", "countInStock": 5, "createdAt": "2023-04-28T22:07:14.232Z", "clickCount": 0}}, {"model": "base.product", "pk": 93, "fields": {"user": null, "name": "Calvin Klein Women's Modern Cotton Bralette", "image": "71kxT727XZL.jpg", "brand": "Calvin Klein", "category": 27, "description": "The Calvin Klein Women's Modern Cotton Bralette is a comfortable and stylish addition to any woman's wardrobe. It is made from a soft and stretchy cotton blend fabric, with a racerback design and a signature elastic logo band for a sporty look. The bralette is wireless and unlined, providing light support and a natural shape, and comes in a range of colors to suit your style. It is machine washable for easy care.", "rating": "0.00", "numReviews": 0, "price": "28.00", "countInStock": 20, "createdAt": "2023-04-28T22:07:15.206Z", "clickCount": 1}}, {"model": "base.product", "pk": 94, "fields": {"user": null, "name": "Levi's Women's 721 High Rise Skinny Jeans", "image": "81gFtfhHwL.jpg", "brand": "Levi's", "category": 27, "description": "The Levi's Women's 721 High Rise Skinny Jeans are a must-have item for any fashion-conscious woman. They feature a flattering high-rise waist and a slim fit through the hip and thigh, with a skinny leg opening that flatters your figure. The jeans are made from a soft and stretchy denim fabric that moves with you, and come in a variety of washes to suit your style. They also have classic 5-pocket styling and a zip fly with button closure.", "rating": "0.00", "numReviews": 0, "price": "69.50", "countInStock": 10, "createdAt": "2023-04-28T22:07:16.094Z", "clickCount": 0}}, {"model": "base.product", "pk": 95, "fields": {"user": null, "name": "Tommy Hilfiger Men's Modern-Fit Suit", "image": "91Xe7ZcztLL.jpg", "brand": "Tommy Hilfiger", "category": 28, "description": "The Tommy Hilfiger Men's Modern-Fit Suit is a must-have for any man's wardrobe. It features a modern-fit cut with a two-button closure and notched lapels, crafted from a high-quality wool blend for a comfortable and professional look. The suit includes a jacket and pants that can be worn together or separately, and comes in a variety of colors and sizes to suit your style. It is perfect for weddings, business meetings, or any other formal occasion.", "rating": "0.00", "numReviews": 0, "price": "299.99", "countInStock": 5, "createdAt": "2023-04-28T22:09:51.569Z", "clickCount": 1}}, {"model": "base.product", "pk": 96, "fields": {"user": null, "name": "Dockers Men's Classic Fit Signature Khaki Pants", "image": "71htYLGmQ.jpg", "brand": "Dockers", "category": 28, "description": "The Dockers Men's Classic Fit Signature Khaki Pants are a versatile and comfortable addition to any man's wardrobe. They feature a classic fit with a straight leg and flat front, made from a soft and durable cotton blend fabric that resists wrinkles and stains. The pants have a flexible waistband for all-day comfort, and come in a variety of colors to suit your style. They are machine washable for easy care.", "rating": "0.00", "numReviews": 0, "price": "42.99", "countInStock": 20, "createdAt": "2023-04-28T22:09:52.254Z", "clickCount": 0}}, {"model": "base.product", "pk": 97, "fields": {"user": null, "name": "Levi's Men's 511 Slim Fit Jeans", "image": "61X8yRUWGVL.jpg", "brand": "Levi's", "category": 28, "description": "The Levi's Men's 511 Slim Fit Jeans are a classic and stylish option for any casual occasion. They feature a slim fit through the hip and thigh, with a narrow leg opening that is perfect for wearing with boots or sneakers. The jeans are made from a soft and stretchy denim fabric that moves with you, and come in a variety of washes to suit your style. They also have classic 5-pocket styling and a zip fly with button closure.", "rating": "0.00", "numReviews": 0, "price": "69.50", "countInStock": 15, "createdAt": "2023-04-28T22:09:53.325Z", "clickCount": 0}}, {"model": "base.product", "pk": 98, "fields": {"user": null, "name": "H&M Kids' 2-Pack T-Shirts", "image": "hmgoepprod.jpeg", "brand": "H&M", "category": 29, "description": "The H&M Kids' 2-Pack T-Shirts are a great value for any parent looking for basic and comfortable tops for their child. They are made from soft and breathable cotton fabric that is easy to care for. The shirts come in a pack of two with different colors or designs, and have a classic fit with short sleeves and a round neckline. They are perfect for layering or wearing alone.", "rating": "0.00", "numReviews": 0, "price": "14.99", "countInStock": 30, "createdAt": "2023-04-28T22:13:02.347Z", "clickCount": 0}}, {"model": "base.product", "pk": 99, "fields": {"user": null, "name": "Nike Kids' Revolution 5 Sneaker", "image": "710X1eLv7TL.jpg", "brand": "Nike", "category": 29, "description": "The Nike Kids' Revolution 5 Sneaker is a comfortable and stylish shoe for any kid on the go. It features a lightweight and breathable mesh upper with a durable rubber sole for traction and support. The shoe has a hook-and-loop closure for easy on and off, and comes in a variety of colors to suit your child's style. It is perfect for running, playing, and everyday wear.", "rating": "0.00", "numReviews": 0, "price": "54.99", "countInStock": 20, "createdAt": "2023-04-28T22:13:03.156Z", "clickCount": 0}}, {"model": "base.product", "pk": 100, "fields": {"user": null, "name": "Carter's Baby 5-Pack Short-Sleeve Bodysuits", "image": "82adku823sas.webp", "brand": "Carter's", "category": 29, "description": "The Carter's Baby 5-Pack Short-Sleeve Bodysuits are a must-have for any baby's wardrobe. They are made from soft and breathable cotton fabric that is gentle on your baby's skin. The bodysuits have a snap closure for easy diaper changes, and come in a variety of cute and colorful designs that are perfect for everyday wear. They are machine washable for easy care.", "rating": "0.00", "numReviews": 0, "price": "19.99", "countInStock": 50, "createdAt": "2023-04-28T22:13:03.888Z", "clickCount": 1}}, {"model": "base.product", "pk": 101, "fields": {"user": null, "name": "Adidas Men's Ultraboost 21 Running Shoe", "image": "61ChWRAFBHS.jpg", "brand": "Adidas", "category": 47, "description": "The Adidas Men's Ultraboost 21 Running Shoe is a high-performance shoe that is designed to deliver comfort and energy return with every stride. It features a breathable Primeknit upper with a responsive Boost midsole for cushioning and support. The shoe also has a durable rubber outsole for traction on any surface. It is perfect for running or everyday wear.", "rating": "0.00", "numReviews": 0, "price": "180.00", "countInStock": 10, "createdAt": "2023-04-28T22:14:06.848Z", "clickCount": 1}}, {"model": "base.product", "pk": 102, "fields": {"user": null, "name": "Steve Madden Women's Irenee Sandal", "image": "71gvi-1k3IL.jpg", "brand": "Steve Madden", "category": 47, "description": "The Steve Madden Women's Irenee Sandal is a stylish and versatile shoe that can be dressed up or down. It features a block heel and a buckle ankle strap for a secure and comfortable fit. The sandal also has a padded footbed for added cushioning and support. It is available in a variety of colors and materials to match any outfit.", "rating": "0.00", "numReviews": 0, "price": "79.95", "countInStock": 20, "createdAt": "2023-04-28T22:14:07.585Z", "clickCount": 0}}, {"model": "base.product", "pk": 103, "fields": {"user": null, "name": "Vans Kids' Old Skool Sneaker", "image": "313cw4s9zVL.jpg", "brand": "Vans", "category": 47, "description": "The Vans Kids' Old Skool Sneaker is a classic and timeless shoe that is perfect for any kid's wardrobe. It features a durable canvas and suede upper with the iconic Vans side stripe. The shoe also has a padded collar for support and flexibility, and a rubber waffle outsole for traction. It is available in a variety of colors and patterns to suit your child's style.", "rating": "0.00", "numReviews": 0, "price": "44.95", "countInStock": 30, "createdAt": "2023-04-28T22:14:08.336Z", "clickCount": 0}}, {"model": "base.product", "pk": 104, "fields": {"user": null, "name": "Grand Theft Auto V", "image": "916T5H6sCtL.jpg", "brand": "Rockstar Games", "category": 31, "description": "Grand Theft Auto V is an open-world action game where players take on the roles of three criminals trying to make it big in Los Santos. The game features a massive world to explore, a complex story with multiple endings, and an online multiplayer mode.", "rating": "0.00", "numReviews": 0, "price": "29.99", "countInStock": 100, "createdAt": "2023-04-28T22:17:58.142Z", "clickCount": 1}}, {"model": "base.product", "pk": 105, "fields": {"user": null, "name": "The Legend of Zelda: Breath of the Wild", "image": "81yCdxV54SL.jpg", "brand": "Nintendo", "category": 31, "description": "The Legend of Zelda: Breath of the Wild is an open-world action-adventure game where players take on the role of Link, who awakens from a century-long slumber to defeat Calamity Ganon and save the land of Hyrule. The game features a massive open world, a crafting system, and a physics engine that allows for creative solutions to puzzles and combat.", "rating": "0.00", "numReviews": 0, "price": "59.99", "countInStock": 50, "createdAt": "2023-04-28T22:17:59.552Z", "clickCount": 0}}, {"model": "base.product", "pk": 106, "fields": {"user": null, "name": "Minecraft", "image": "minecraft.jpg", "brand": "Mojang", "category": 31, "description": "Minecraft is a sandbox video game where players can explore, create, and build in a 3D blocky world. The game features both singleplayer and multiplayer modes, and allows players to build structures and explore procedurally-generated worlds. Minecraft has a huge modding community and can be customized with various mods and texture packs.", "rating": "0.00", "numReviews": 0, "price": "19.99", "countInStock": 200, "createdAt": "2023-04-28T22:18:00.552Z", "clickCount": 0}}, {"model": "base.product", "pk": 107, "fields": {"user": null, "name": "PlayStation 5 Console", "image": "61ISjgFTbRL.jpg", "brand": "Sony", "category": 30, "description": "The PlayStation 5 is the latest video game console from Sony. It features a powerful CPU and GPU, lightning-fast load times, and an immersive gaming experience. The console comes with a wireless DualSense controller, which features haptic feedback and adaptive triggers for more realistic gameplay.", "rating": "0.00", "numReviews": 0, "price": "499.99", "countInStock": 20, "createdAt": "2023-04-28T22:19:54.161Z", "clickCount": 1}}, {"model": "base.product", "pk": 108, "fields": {"user": null, "name": "Spider-Man: Miles Morales", "image": "71dtn2ZMs7L.jpg", "brand": "Insomniac Games", "category": 30, "description": "Spider-Man: Miles Morales is an action-adventure game that puts players in the shoes of Miles Morales, who must defend New York City from a gang war while also grappling with his new Spider-Man powers. The game features an open-world environment, a compelling story, and fast-paced combat.", "rating": "0.00", "numReviews": 0, "price": "49.99", "countInStock": 50, "createdAt": "2023-04-28T22:19:54.945Z", "clickCount": 0}}, {"model": "base.product", "pk": 109, "fields": {"user": null, "name": "PlayStation Move Motion Controllers", "image": "716fGHwAWkL.jpg", "brand": "Sony", "category": 30, "description": "The PlayStation Move Motion Controllers allow you to experience gaming in a new way with motion controls. They feature advanced motion sensors and light tracking technology, which accurately tracks your movements and translates them into the game. The controllers are rechargeable via USB and are compatible with a range of PlayStation VR games.", "rating": "0.00", "numReviews": 0, "price": "99.99", "countInStock": 50, "createdAt": "2023-04-28T22:19:55.700Z", "clickCount": 0}}, {"model": "base.product", "pk": 110, "fields": {"user": null, "name": "Nintendo Switch Lite - Yellow", "image": "71q4BBqaNvL.jpg", "brand": "Nintendo", "category": 32, "description": "Introducing Nintendo Switch Lite, a compact and lightweight console with integrated controls. Experience games anytime, anywhere.", "rating": "0.00", "numReviews": 0, "price": "199.99", "countInStock": 10, "createdAt": "2023-04-28T22:21:59.101Z", "clickCount": 0}}, {"model": "base.product", "pk": 111, "fields": {"user": null, "name": "Nintendo Switch Pro Controller", "image": "41Mq5CMHmVL.jpg", "brand": "Nintendo", "category": 32, "description": "Take your game sessions up a notch with the Nintendo Switch Pro Controller. Includes motion controls, HD rumble, built-in amiibo functionality, and more.", "rating": "0.00", "numReviews": 0, "price": "69.00", "countInStock": 3, "createdAt": "2023-04-28T22:21:59.798Z", "clickCount": 1}}, {"model": "base.product", "pk": 112, "fields": {"user": null, "name": "Mario Kart 8 Deluxe", "image": "71axvbmDibL.jpg", "brand": "Nintendo", "category": 32, "description": "Hit the road with the definitive version of Mario Kart 8 and play anytime, anywhere! Race your friends or battle them in a revised battle mode on new and returning battle courses.", "rating": "0.00", "numReviews": 0, "price": "59.99", "countInStock": 6, "createdAt": "2023-04-28T22:22:00.817Z", "clickCount": 0}}, {"model": "base.product", "pk": 113, "fields": {"user": null, "name": "Corsair K95 RGB Platinum XT Mechanical Gaming Keyboard", "image": "714yy-QPysL.jpg", "brand": "Corsair", "category": 48, "description": "The CORSAIR K95 RGB PLATINUM XT Mechanical Gaming Keyboard immerses your desktop in dynamic per-key RGB backlighting, equipped with a double-shot PBT keycap set and six dedicated macro keys with Elgato Stream Deck software integration.", "rating": "0.00", "numReviews": 0, "price": "199.99", "countInStock": 10, "createdAt": "2023-04-28T22:27:24.154Z", "clickCount": 0}}, {"model": "base.product", "pk": 114, "fields": {"user": null, "name": "Logitech G Pro Wireless Gaming Mouse", "image": "51ySu55JzAL.jpg", "brand": "Logitech", "category": 48, "description": "Designed over two years with direct input from many professional esports players, Logitech G PRO Wireless Gaming Mouse is built to the exacting standards of some of the world's top esports professionals. PRO Wireless gaming mouse is purpose-built for extreme performance and includes the latest and most advanced technologies available.", "rating": "0.00", "numReviews": 0, "price": "149.99", "countInStock": 5, "createdAt": "2023-04-28T22:27:24.860Z", "clickCount": 0}}, {"model": "base.product", "pk": 115, "fields": {"user": null, "name": "Razer Huntsman Elite Gaming Keyboard", "image": "618etkLUt9L.jpg", "brand": "Razer", "category": 48, "description": "Razer Huntsman Elite Gaming Keyboard: Opto-Mechanical Key Switches - Instant Actuation - Chroma RGB Lighting - Magnetic Plush Wrist Rest - Dedicated Media Keys & Dial - Classic Black", "rating": "0.00", "numReviews": 0, "price": "199.99", "countInStock": 7, "createdAt": "2023-04-28T22:27:25.557Z", "clickCount": 1}}, {"model": "base.product", "pk": 116, "fields": {"user": null, "name": "Xbox Series X", "image": "51ojzJk77qL.jpg", "brand": "Microsoft", "category": 33, "description": "Introducing Xbox Series X, the fastest, most powerful Xbox ever. Play thousands of titles from four generations of consoles—all games look and play best on Xbox Series X.", "rating": "0.00", "numReviews": 0, "price": "499.99", "countInStock": 3, "createdAt": "2023-04-28T22:29:13.452Z", "clickCount": 0}}, {"model": "base.product", "pk": 117, "fields": {"user": null, "name": "Xbox Wireless Controller", "image": "41wDPV8sIdL.jpg", "brand": "Microsoft", "category": 33, "description": "Experience the modernized design of the Xbox Wireless Controller, featuring sculpted surfaces and refined geometry for enhanced comfort and effortless control during gameplay. Stay on target with textured grip and a hybrid D-pad, and enjoy custom button mapping. Includes Bluetooth technology for gaming on Windows 10 PCs, laptops, and mobile devices.", "rating": "0.00", "numReviews": 0, "price": "59.99", "countInStock": 10, "createdAt": "2023-04-28T22:29:14.235Z", "clickCount": 0}}, {"model": "base.product", "pk": 118, "fields": {"user": null, "name": "Xbox Game Pass Ultimate", "image": "51q1lv8ZBQL.jpg", "brand": "Microsoft", "category": 33, "description": "Xbox Game Pass Ultimate includes over 100 high-quality games for console, PC, and supported Android mobile devices (Beta), all the benefits of Xbox Live Gold, and an EA Play membership, all for one low monthly price.", "rating": "0.00", "numReviews": 0, "price": "14.99", "countInStock": 20, "createdAt": "2023-04-28T22:29:14.917Z", "clickCount": 1}}, {"model": "base.product", "pk": 119, "fields": {"user": null, "name": "Pampers Swaddlers Diapers", "image": "81vq49tXxL.jpg", "brand": "Pampers", "category": 34, "description": "Pampers Swaddlers diapers are the #1 choice of hospitals, based on, protection, comfort, dryness and more. Its Blankie Soft™ material and wetness indicator tell you when your baby might need a change.", "rating": "0.00", "numReviews": 0, "price": "24.99", "countInStock": 15, "createdAt": "2023-04-28T22:32:44.519Z", "clickCount": 0}}, {"model": "base.product", "pk": 120, "fields": {"user": null, "name": "Huggies Little Snugglers Diapers", "image": "81OtPJStJaL.jpg", "brand": "Huggies", "category": 34, "description": "Huggies Little Snugglers diapers are designed for gentle skin protection, with premium softness and breathability to help keep baby dry and comfortable. Featuring a wetness indicator that changes color when wet, Little Snugglers diapers also have a pocketed waistband to help keep messes inside.", "rating": "0.00", "numReviews": 0, "price": "27.99", "countInStock": 10, "createdAt": "2023-04-28T22:32:45.225Z", "clickCount": 0}}, {"model": "base.product", "pk": 121, "fields": {"user": null, "name": "Diaper Genie Complete Diaper Pail", "image": "61e9Jgy7ZBL.jpg", "brand": "Playtex", "category": 34, "description": "The Diaper Genie Complete Diaper Pail features a 7-layer refill bag with odor barrier technology that locks away germs and odors, and a foot pedal for easy, hands-free disposal. With a built-in cutter, the refill bags are easily trimmed to the desired length, and the pail holds up to 270 diapers.", "rating": "0.00", "numReviews": 0, "price": "39.99", "countInStock": 5, "createdAt": "2023-04-28T22:32:46Z", "clickCount": 1}}, {"model": "base.product", "pk": 122, "fields": {"user": null, "name": "Baby Stroller", "image": "71loYPrKPYL.jpg", "brand": "Graco", "category": 35, "description": "This versatile stroller is perfect for parents on-the-go. It features a lightweight, compact design and can easily be folded for storage or transport. The adjustable canopy and reclining seat make it comfortable for your little one, while the 3-wheel design provides stability and maneuverability.", "rating": "0.00", "numReviews": 0, "price": "179.99", "countInStock": 10, "createdAt": "2023-04-28T22:34:51.824Z", "clickCount": 0}}, {"model": "base.product", "pk": 123, "fields": {"user": null, "name": "Convertible Car Seat", "image": "81B6zKMvf6L.jpg", "brand": "Britax", "category": 35, "description": "This car seat can be used in both rear-facing and forward-facing positions, and is designed to grow with your child. The easy installation process and adjustable harness make it easy to use and comfortable for your child, while the steel frame and energy-absorbing foam provide safety and protection in case of an accident.", "rating": "0.00", "numReviews": 0, "price": "249.99", "countInStock": 5, "createdAt": "2023-04-28T22:34:52.633Z", "clickCount": 1}}, {"model": "base.product", "pk": 124, "fields": {"user": null, "name": "Baby Carrier", "image": "71j8EI3AgTL.jpg", "brand": "Ergobaby", "category": 35, "description": "This comfortable and ergonomic baby carrier is designed to distribute your baby's weight evenly, reducing strain on your back and shoulders. It features adjustable straps and a padded waistband for a custom fit, and can be used in multiple positions to suit your needs and your baby's age and size.", "rating": "0.00", "numReviews": 0, "price": "59.99", "countInStock": 15, "createdAt": "2023-04-28T22:34:53.387Z", "clickCount": 0}}, {"model": "base.product", "pk": 125, "fields": {"user": null, "name": "Aveeno Baby Wash and Shampoo", "image": "71mYCi-LdL.jpg", "brand": "Aveeno", "category": 36, "description": "This tear-free baby wash and shampoo cleanses without drying out your baby's skin.", "rating": "0.00", "numReviews": 0, "price": "9.99", "countInStock": 20, "createdAt": "2023-04-28T22:37:08.506Z", "clickCount": 0}}, {"model": "base.product", "pk": 126, "fields": {"user": null, "name": "Johnson's Baby Lotion", "image": "71cahcZWeeL.jpg", "brand": "Johnson's", "category": 36, "description": "This hypoallergenic baby lotion moisturizes and soothes your baby's delicate skin.", "rating": "0.00", "numReviews": 0, "price": "5.99", "countInStock": 15, "createdAt": "2023-04-28T22:37:09.260Z", "clickCount": 1}}, {"model": "base.product", "pk": 127, "fields": {"user": null, "name": "Aquaphor Baby Healing Ointment", "image": "51Ipu3F2hQL.jpg", "brand": "Aquaphor", "category": 36, "description": "This fragrance-free baby ointment helps heal and prevent diaper rash and chapped skin.", "rating": "0.00", "numReviews": 0, "price": "12.99", "countInStock": 10, "createdAt": "2023-04-28T22:37:09.981Z", "clickCount": 0}}, {"model": "base.product", "pk": 128, "fields": {"user": null, "name": "Baby Romper Set", "image": "61nV0sF2s2L.jpg", "brand": "Carter's", "category": 37, "description": "Adorable 3-piece baby romper set made from soft and comfortable cotton. Includes a romper, hat, and bib with cute animal prints. Perfect for babies aged 0-6 months.", "rating": "0.00", "numReviews": 0, "price": "24.99", "countInStock": 50, "createdAt": "2023-04-28T22:39:27.775Z", "clickCount": 1}}, {"model": "base.product", "pk": 129, "fields": {"user": null, "name": "Baby Sunglasses", "image": "61CwN2TYUL.jpg", "brand": "Babiators", "category": 37, "description": "Cool and colorful baby sunglasses that provide 100% UV protection. Made from durable and flexible materials that can withstand rough play. Suitable for babies aged 0-2 years.", "rating": "0.00", "numReviews": 0, "price": "12.99", "countInStock": 20, "createdAt": "2023-04-28T22:39:28.839Z", "clickCount": 0}}, {"model": "base.product", "pk": 130, "fields": {"user": null, "name": "Fisher-Price Deluxe Kick & Play Piano Gym", "image": "51q1lv8ZBQL_JidEpdj.jpg", "brand": "Fisher-Price", "category": 38, "description": "This play gym includes a removable piano and five activity toys that encourage your baby to reach, grasp, and kick. The piano plays music and lights up as your baby interacts with it, providing sensory stimulation and helping to develop fine motor skills.", "rating": "0.00", "numReviews": 0, "price": "59.99", "countInStock": 15, "createdAt": "2023-04-28T22:39:29.669Z", "clickCount": 0}}, {"model": "base.product", "pk": 131, "fields": {"user": null, "name": "VTech Sit-to-Stand Learning Walker", "image": "71uzLyVwEiL.jpg", "brand": "VTech", "category": 38, "description": "This walker features a detachable learning center that introduces your baby to numbers, colors, shapes, and more. As your baby pushes the walker, it plays music and provides encouragement, helping to develop gross motor skills and balance.", "rating": "0.00", "numReviews": 0, "price": "34.99", "countInStock": 10, "createdAt": "2023-04-28T22:41:33.311Z", "clickCount": 0}}, {"model": "base.product", "pk": 132, "fields": {"user": null, "name": "Manhattan Toy Winkel Rattle & Sensory Teether Toy", "image": "71tjzN4QkCL.jpg", "brand": "Manhattan Toy", "category": 38, "description": "This teething toy features a colorful design and a maze of soft, continuous tubes that are perfect for your baby to chew on. The lightweight, easy-to-grasp design encourages your baby to explore and develop fine motor skills.", "rating": "0.00", "numReviews": 0, "price": "14.99", "countInStock": 20, "createdAt": "2023-04-28T22:41:34.064Z", "clickCount": 1}}, {"model": "base.product", "pk": 133, "fields": {"user": null, "name": "Fisher-Price Rock-a-Stack and Baby's First Blocks Bundle", "image": "81bZ1pm83ML.jpg", "brand": "Fisher-Price", "category": 38, "description": "This bundle includes two classic toys that help to develop hand-eye coordination and problem-solving skills. The Rock-a-Stack features five colorful rings that your baby can stack from biggest to smallest, while the Baby's First Blocks set includes ten colorful blocks that your baby can sort and stack.", "rating": "0.00", "numReviews": 0, "price": "14.99", "countInStock": 25, "createdAt": "2023-04-28T22:41:34.972Z", "clickCount": 0}}, {"model": "base.product", "pk": 134, "fields": {"user": null, "name": "Bottle Sterilizer", "image": "71ba3LBcGIL.jpg", "brand": "Philips Avent", "category": 39, "description": "A versatile and effective bottle sterilizer that can sterilize up to 6 bottles at a time, eliminating 99.9% of harmful bacteria. It also has a compact design that takes up minimal space on your countertop.", "rating": "0.00", "numReviews": 0, "price": "39.99", "countInStock": 25, "createdAt": "2023-04-28T22:43:41.134Z", "clickCount": 1}}, {"model": "base.product", "pk": 135, "fields": {"user": null, "name": "High Chair", "image": "711jARycOrS.jpg", "brand": "Graco", "category": 39, "description": "A comfortable and sturdy high chair with a 3-position reclining seat and adjustable footrest. It also has a dishwasher-safe tray that can be easily removed with one hand, making mealtime cleanup a breeze.", "rating": "0.00", "numReviews": 0, "price": "79.99", "countInStock": 10, "createdAt": "2023-04-28T22:43:41.923Z", "clickCount": 0}}, {"model": "base.product", "pk": 136, "fields": {"user": null, "name": "Breast Pump", "image": "716mB7carzL.jpg", "brand": "Medela", "category": 39, "description": "A quiet and efficient breast pump that allows for comfortable and discreet pumping. It comes with two-phase expression technology, which mimics the natural suckling rhythm of a baby for maximum milk flow. It also includes a tote bag for easy transport.", "rating": "0.00", "numReviews": 0, "price": "189.99", "countInStock": 5, "createdAt": "2023-04-28T22:43:42.840Z", "clickCount": 0}}, {"model": "base.product", "pk": 137, "fields": {"user": null, "name": "Baby Monitor with Camera and Audio", "image": "71N2EBPj5L.jpg", "brand": "Safety 1st", "category": 40, "description": "Keep an eye on your baby with this high-tech baby monitor that includes a camera, audio, and night vision.", "rating": "0.00", "numReviews": 0, "price": "129.99", "countInStock": 10, "createdAt": "2023-04-28T22:44:43.573Z", "clickCount": 0}}, {"model": "base.product", "pk": 138, "fields": {"user": null, "name": "Outlet Covers", "image": "7103Uhsdz6L.jpg", "brand": "Dreambaby", "category": 40, "description": "Protect your baby from electrical hazards with these easy-to-install outlet covers.", "rating": "0.00", "numReviews": 0, "price": "9.99", "countInStock": 50, "createdAt": "2023-04-28T22:44:44.589Z", "clickCount": 0}}, {"model": "base.product", "pk": 139, "fields": {"user": null, "name": "Baby Gate", "image": "914Wt8JpzL.jpg", "brand": "Regalo", "category": 40, "description": "Keep your baby out of harm's way with this sturdy and reliable baby gate that's easy to install and use.", "rating": "0.00", "numReviews": 0, "price": "49.99", "countInStock": 15, "createdAt": "2023-04-28T22:44:45.769Z", "clickCount": 1}}, {"model": "base.product", "pk": 140, "fields": {"user": null, "name": "Potty Training Seat with Ladder", "image": "412vx1HPbsL.jpg", "brand": "Little Treasures", "category": 41, "description": "This potty training seat with ladder is perfect for helping toddlers learn to use the toilet like a big kid. It has a comfortable seat and sturdy ladder that provides support and stability.", "rating": "0.00", "numReviews": 0, "price": "29.99", "countInStock": 15, "createdAt": "2023-04-28T22:48:05.936Z", "clickCount": 0}}, {"model": "base.product", "pk": 141, "fields": {"user": null, "name": "Portable Potty Seat for Travel", "image": "81HZonj9rsL.jpg", "brand": "BabyGo", "category": 41, "description": "This portable potty seat is perfect for parents who are always on the go. It's small enough to fit in a diaper bag or purse, and it comes with a carrying case for easy transport.", "rating": "0.00", "numReviews": 0, "price": "19.99", "countInStock": 10, "createdAt": "2023-04-28T22:48:07Z", "clickCount": 1}}, {"model": "base.product", "pk": 142, "fields": {"user": null, "name": "Training Pants for Boys and Girls", "image": "51gS8SSbWWL.jpg", "brand": "Huggies", "category": 41, "description": "These training pants are designed to help toddlers transition from diapers to underwear. They have a soft, comfortable fit and provide reliable leak protection.", "rating": "0.00", "numReviews": 0, "price": "14.99", "countInStock": 20, "createdAt": "2023-04-28T22:48:08.795Z", "clickCount": 0}}, {"model": "base.product", "pk": 143, "fields": {"user": null, "name": "Baby Nasal Aspirator", "image": "717raek5EBS.jpg", "brand": "NoseFrida", "category": 42, "description": "Safely and easily clear your baby's stuffy nose with this nasal aspirator.", "rating": "0.00", "numReviews": 0, "price": "15.99", "countInStock": 20, "createdAt": "2023-04-28T22:48:10.984Z", "clickCount": 0}}, {"model": "base.product", "pk": 144, "fields": {"user": null, "name": "Baby Thermometer", "image": "61f1ms3bSTS.jpg", "brand": "Braun", "category": 42, "description": "Get a quick and accurate reading of your baby's temperature with this digital thermometer.", "rating": "0.00", "numReviews": 0, "price": "29.99", "countInStock": 15, "createdAt": "2023-04-28T22:48:17.873Z", "clickCount": 0}}, {"model": "base.product", "pk": 145, "fields": {"user": null, "name": "Baby Hair Brush and Comb Set", "image": "512QKcAIS7L.jpg", "brand": "The First Years", "category": 42, "description": "Gently brush and style your baby's hair with this soft-bristled brush and comb set.", "rating": "0.00", "numReviews": 0, "price": "12.99", "countInStock": 30, "createdAt": "2023-04-28T22:48:18.778Z", "clickCount": 1}}, {"model": "base.product", "pk": 146, "fields": {"user": null, "name": "Adjustable Dumbbells Set", "image": "71cSBFkZ.jpg", "brand": "Xtreme Fitness", "category": 43, "description": "These adjustable dumbbells allow you to easily change the weight of the dumbbell to fit your needs, making them perfect for a home gym or small workout space.", "rating": "0.00", "numReviews": 0, "price": "199.99", "countInStock": 20, "createdAt": "2023-04-28T22:55:42.039Z", "clickCount": 1}}, {"model": "base.product", "pk": 147, "fields": {"user": null, "name": "Treadmill with LCD Display", "image": "516JLTLtCKL.jpg", "brand": "Fitmax", "category": 43, "description": "This treadmill features a large LCD display, adjustable incline, and speed settings up to 10 mph, making it the perfect addition to your home gym.", "rating": "0.00", "numReviews": 0, "price": "799.99", "countInStock": 5, "createdAt": "2023-04-28T22:55:42.851Z", "clickCount": 0}}, {"model": "base.product", "pk": 148, "fields": {"user": null, "name": "Yoga Mat with Carrying Strap", "image": "H321efbd7.webp", "brand": "Balance", "category": 43, "description": "This yoga mat is lightweight and features a non-slip surface, making it perfect for yoga, pilates, and other floor exercises. It comes with a carrying strap for easy transport.", "rating": "0.00", "numReviews": 0, "price": "29.99", "countInStock": 50, "createdAt": "2023-04-28T22:55:43.593Z", "clickCount": 0}}, {"model": "base.product", "pk": 149, "fields": {"user": null, "name": "BSN Amino X Muscle Recovery & Endurance Powder", "image": "617bgRkpf0L.jpg", "brand": "BSN", "category": 44, "description": "This amino acid powder is designed to support muscle recovery and enhance endurance during workouts.", "rating": "0.00", "numReviews": 0, "price": "24.99", "countInStock": 75, "createdAt": "2023-04-28T22:57:36.814Z", "clickCount": 0}}, {"model": "base.product", "pk": 150, "fields": {"user": null, "name": "MusclePharm Combat Crunch Protein Bars", "image": "CombatCrunch.webp", "brand": "MusclePharm", "category": 44, "description": "These protein bars provide 20 grams of protein per serving and are a convenient way to fuel your body before or after workouts.", "rating": "0.00", "numReviews": 0, "price": "29.99", "countInStock": 50, "createdAt": "2023-04-28T22:57:37.562Z", "clickCount": 1}}, {"model": "base.product", "pk": 151, "fields": {"user": null, "name": "Optimum Nutrition Gold Standard 100% Whey Protein Powder", "image": "71WMrUDpSL.jpg", "brand": "Optimum Nutrition", "category": 44, "description": "This whey protein powder contains 24 grams of protein per serving and is designed to support muscle growth and recovery after workouts.", "rating": "0.00", "numReviews": 0, "price": "39.99", "countInStock": 100, "createdAt": "2023-04-28T22:57:38.416Z", "clickCount": 0}}, {"model": "base.product", "pk": 152, "fields": {"user": null, "name": "Coleman Sundome Tent", "image": "71HmL4kzLrL.jpg", "brand": "Coleman", "category": 45, "description": "The Coleman Sundome Tent is a spacious and easy-to-set-up tent that can accommodate up to four people. It features a WeatherTec system that keeps you dry in wet conditions, as well as a ground vent for increased ventilation.", "rating": "0.00", "numReviews": 0, "price": "89.99", "countInStock": 20, "createdAt": "2023-04-28T23:01:33.771Z", "clickCount": 1}}, {"model": "base.product", "pk": 153, "fields": {"user": null, "name": "Osprey Daylite Plus Backpack", "image": "91aahj109BL.jpg", "brand": "Osprey", "category": 45, "description": "The Osprey Daylite Plus Backpack is a versatile and lightweight backpack that's perfect for day hikes or everyday use. It features a ventilated back panel, a hydration sleeve, and multiple pockets for organization.", "rating": "0.00", "numReviews": 0, "price": "64.95", "countInStock": 15, "createdAt": "2023-04-28T23:01:34.635Z", "clickCount": 0}}, {"model": "base.product", "pk": 154, "fields": {"user": null, "name": "YETI Hopper BackFlip 24 Soft Cooler", "image": "61-yb0JG3dL.jpg", "brand": "YETI", "category": 45, "description": "The YETI Hopper BackFlip 24 Soft Cooler is a durable and portable cooler that can keep your food and drinks cold for hours. It features a leakproof zipper and a comfortable shoulder strap for easy carrying.", "rating": "0.00", "numReviews": 0, "price": "299.99", "countInStock": 5, "createdAt": "2023-04-28T23:01:36.106Z", "clickCount": 0}}, {"model": "base.product", "pk": 155, "fields": {"user": null, "name": "Lenovo ThinkPad X1 Carbon", "image": "71eDgN-KWJL.jpg", "brand": "Lenovo", "category": 18, "description": "The Lenovo ThinkPad X1 Carbon is a high-end laptop designed for business users. It features a 14-inch display, Intel Core i7 processor, 16GB of RAM, and 512GB SSD storage. The X1 Carbon is also lightweight and durable, with a carbon fiber chassis and MIL-STD-810G certification for ruggedness.", "rating": "0.00", "numReviews": 0, "price": "1299.99", "countInStock": 10, "createdAt": "2023-04-28T23:04:16.687Z", "clickCount": 34}}, {"model": "base.product", "pk": 156, "fields": {"user": null, "name": "Apple MacBook Pro", "image": "71pC69I3lzL.jpg", "brand": "Apple", "category": 18, "description": "The Apple MacBook Pro is a high-end laptop designed for creative professionals. It features a 16-inch Retina display, Intel Core i9 processor, 16GB of RAM, and 1TB SSD storage. The MacBook Pro also has a premium design, with an aluminum chassis and a touch bar above the keyboard.", "rating": "0.00", "numReviews": 0, "price": "1799.99", "countInStock": 3, "createdAt": "2023-04-28T23:04:17.437Z", "clickCount": 1}}, {"model": "base.review", "pk": 1, "fields": {"product": 2, "user": 1, "name": "Justice Nyaga", "rating": 5, "comment": "The phone is awesome!!! Works as expected.", "createdAt": "2023-05-04T01:53:41.306Z"}}, {"model": "base.review", "pk": 2, "fields": {"product": 4, "user": 1, "name": "Justice Nyaga", "rating": 3, "comment": "fair", "createdAt": "2023-05-04T01:54:24.382Z"}}, {"model": "base.review", "pk": 3, "fields": {"product": 2, "user": 2, "name": "John Doe", "rating": 4, "comment": "I love it. The phone's performance is more than good. I have however noticed that the phone's battery life is quite short. ", "createdAt": "2023-05-08T15:11:51.055Z"}}, {"model": "base.review", "pk": 4, "fields": {"product": 2, "user": 3, "name": "Mary", "rating": 4, "comment": "", "createdAt": "2023-05-08T15:16:27.409Z"}}, {"model": "base.review", "pk": 5, "fields": {"product": 2, "user": 4, "name": "Jane Doe", "rating": 1, "comment": "I didn't like the poor battery on the phone. All I care about in a phone is the battery life.", "createdAt": "2023-05-08T15:26:13.148Z"}}, {"model": "base.review", "pk": 6, "fields": {"product": 2, "user": 5, "name": "Victor", "rating": 3, "comment": "Although the phone is generally good, it comes with a few shortcomings. I love its camera and its fast performance. One of the few things that you should be aware of before purchasing this gadget is that it has a really terrible battery. ", "createdAt": "2023-05-08T15:35:31.982Z"}}, {"model": "base.review", "pk": 7, "fields": {"product": 1, "user": 5, "name": "Victor", "rating": 1, "comment": "", "createdAt": "2023-05-08T16:14:12.445Z"}}]